1,__VOICEOVER,1:00:00:00,10,0.2
2,__VOICEOVER,1:00:15:04,10,0.2
3,__VOICEOVER,1:00:29:18,10,0.2
4,__VOICEOVER,2:34:55:21,10,0.2
5,MAIN TITLE),Miss Willoughby,15,0.3
6,MAIN TITLE),and the Haunted Bookshop,24,0.48
7,VICAR,"Surely, goodness",16,0.32
8,VICAR,and mercy shall follow me,25,0.5
9,VICAR,"all the days of my life,",24,0.48
10,VICAR,and I will dwell in the house,29,0.58
11,VICAR,of the Lord forever.,20,0.4
12,VICAR,"Into your hands, Father of Mercy,",33,0.66
13,VICAR,"we command our brother, Jack,",29,0.58
14,VICAR,"and our sister, Mary,",21,0.42
15,VICAR,in the sure and certain hope,28,0.56
16,VICAR,"that together,",14,0.28
17,VICAR,"with all who have died in Christ,",33,0.66
18,VICAR,they will rise with him…,24,0.48
19,VICAR,For as much as it'll please almighty God,40,0.8
20,VICAR,of his great mercy,18,0.36
21,VICAR,to take onto himself the souls,30,0.6
22,VICAR,"of our dear brother and sister,",31,0.62
23,VICAR,"here departed,",14,0.28
24,__VOICEOVER,"we therefore, commit their",26,0.52
25,__VOICEOVER,bodies to the ground.,21,0.42
26,JACK WILLOUGHBY,09/11/1952 13/07/1996,21,0.42
27,VICAR,"Earth to Earth,",15,0.3
28,VICAR,"ashes to ashes,",15,0.3
29,MARY WILLOUGHBY,10/03/1955 13/07/1996,21,0.42
30,VICAR,dust to dust,12,0.24
31,VICAR,in sure and certain hope,24,0.48
32,VICAR,of the resurrection,19,0.38
33,VICAR,to eternal life,15,0.3
34,VICAR,"through our Lord, Jesus Christ.",31,0.62
35,JACK WILLOUGHBY,09/11/1952 13/07/1996,21,0.42
36,BUTLER,"Welcome back, sir.",18,0.36
37,(CONT'D),May I be of any further assistance?,35,0.7
38,YOUNG ROBERT,"Thank you, we'll manage from here.",34,0.68
39,MAID,"- Very good, sir.",17,0.34
40,MAID,"- We'll leave you now, sir.",27,0.54
41,YOUNG ROBERT),Why was your uniform different,30,0.6
42,YOUNG ROBERT),to everybody else's?,20,0.4
43,WILLOUGHBY),Because they served in the British Army,39,0.78
44,WILLOUGHBY) (CONT'D),"and I served in the US Marines,",31,0.62
45,WILLOUGHBY) (CONT'D),which is how I met your father.,31,0.62
46,WILLOUGHBY) (CONT'D),We served together overseas.,28,0.56
47,YOUNG ROBERT),I didn't know that.,19,0.38
48,WILLOUGHBY),"Goodnight, Lizzie.",18,0.36
49,YOUNG ROBERT),"What do you want me to do with her,",35,0.7
50,YOUNG ROBERT),Jack?,5,0.1
51,WILLOUGHBY),"What is it, today?",18,0.36
52,YOUNG ROBERT),"Terpsichore, the fifth",22,0.44
53,YOUNG ROBERT),of the Herodotus histories.,27,0.54
54,YOUNG ROBERT) (CONT'D),"Right now, the Megabazus",24,0.48
55,YOUNG ROBERT) (CONT'D),are thrashing the Thracians.,28,0.56
56,WILLOUGHBY) (CONT'D),Sounds pretty bloody.,21,0.42
57,YOUNG ROBERT),"It is, Robert, it's frightful.",30,0.6
58,YOUNG ROBERT) (CONT'D),Are you dragging me out now?,28,0.56
59,WILLOUGHBY),We made a deal.,15,0.3
60,WILLOUGHBY) (CONT'D),You can spend the morning reading,33,0.66
61,WILLOUGHBY) (CONT'D),if you spend the afternoon exercising.,38,0.76
62,WILLOUGHBY) (CONT'D),You've got to get the heart pumping.,36,0.72
63,YOUNG ROBERT),Can't I just kick a ball around instead?,40,0.8
64,WILLOUGHBY),"This is all about your confidence, Lizzie.",42,0.84
65,WILLOUGHBY) (CONT'D),This is all about you,21,0.42
66,WILLOUGHBY) (CONT'D),not having to be afraid.,24,0.48
67,WILLOUGHBY) (CONT'D),"Now, you're right handed,",25,0.5
68,WILLOUGHBY) (CONT'D),so your left shoulder'll face,29,0.58
69,WILLOUGHBY) (CONT'D),"the opponent,",13,0.26
70,WILLOUGHBY) (CONT'D),"legs shoulder width apart, knees bent.",38,0.76
71,WILLOUGHBY) (CONT'D),"Okay, one, two.",15,0.3
72,WILLOUGHBY),- I feel stupid.,16,0.32
73,WILLOUGHBY),- Well you're not.,18,0.36
74,WILLOUGHBY) (CONT'D),Pretend you're…,15,0.3
75,WILLOUGHBY) (CONT'D),thrashing the Thracians.,24,0.48
76,WILLOUGHBY) (CONT'D),"That's it, left-right.",22,0.44
77,(CONT'D),"Remember, when you see a good move",34,0.68
78,WILLOUGHBY) (CONT'D),look for a better one.,22,0.44
79,YOUNG ROBERT),Emanuel Lasker beat,19,0.38
80,YOUNG ROBERT),William Steinitz in 1894,24,0.48
81,YOUNG ROBERT) (CONT'D),to win the World Chess Cup.,27,0.54
82,WILLOUGHBY,- I am impressed.,17,0.34
83,WILLOUGHBY,- Not really.,13,0.26
84,YOUNG ROBERT) (CONT'D),You tell me every time.,23,0.46
85,YOUNG ROBERT) (CONT'D),"I was reading Appian today,",27,0.54
86,YOUNG ROBERT) (CONT'D),"the Battle of Zama, those poor",30,0.6
87,YOUNG ROBERT) (CONT'D),elephants!,10,0.2
88,WILLOUGHBY),Forget about them. It's Scipio's,32,0.64
89,YOUNG ROBERT),Robert! I could never forget,28,0.56
90,YOUNG ROBERT),about the elephants!,20,0.4
91,YOUNG ROBERT) (CONT'D),"Oh, for goodness' sake, Robert!",31,0.62
92,YOUNG ROBERT) (CONT'D),Make your move and stop pretending,34,0.68
93,YOUNG ROBERT) (CONT'D),that you're going to let me win!,32,0.64
94,WILLOUGHBY),Left-right.,11,0.22
95,WILLOUGHBY) (CONT'D),"One, two, three.",16,0.32
96,YOUNG ROBERT,"Goodbye, Laura.",15,0.3
97,YOUNG ROBERT,Thank you for everything.,25,0.5
98,LAURA,"Goodbye, Mr. Thompson.",22,0.44
99,WILLOUGHBY),What is it this time?,21,0.42
100,WILLOUGHBY) (CONT'D),The wooing of the Amazons by the,32,0.64
101,WILLOUGHBY) (CONT'D),Scythes?,8,0.16
102,YOUNG ROBERT),That was last night. Great Expectations.,40,0.8
103,YOUNG ROBERT) (CONT'D),Estella's being vile to poor old Pip.,37,0.74
104,YOUNG ROBERT) (CONT'D),"Are you going to go away, Robert,",33,0.66
105,YOUNG ROBERT) (CONT'D),like everyone else?,19,0.38
106,YOUNG ROBERT) (CONT'D),Are you going to leave me like Laura?,37,0.74
107,WILLOUGHBY),"No, no I'm staying here with you.",33,0.66
108,WILLOUGHBY) (CONT'D),I'm your guardian. It's what your mother,40,0.8
109,WILLOUGHBY) (CONT'D),and father instructed in their will.,36,0.72
110,WILLOUGHBY) (CONT'D),I have no reason to argue.,26,0.52
111,WILLOUGHBY) (CONT'D),When you're an adult,20,0.4
112,WILLOUGHBY) (CONT'D),and you're running the house,28,0.56
113,WILLOUGHBY) (CONT'D),"and the estate,",15,0.3
114,WILLOUGHBY) (CONT'D),"then it'll be up to you,",24,0.48
115,WILLOUGHBY) (CONT'D),"but for now, you're stuck with me.",34,0.68
116,YOUNG ROBERT),Good.,5,0.1
117,WILLOUGHBY),"Lights out, Lizzie.",19,0.38
118,YOUNG MISS WILLOUGHBY),Hah! Hah! Hah!,14,0.28
119,YOUNG MISS WILLOUGHBY) (CONT'D,Hah! Hah!,9,0.18
120,YOUNG ROBERT),Aah!,4,0.08
121,YOUNG MISS WILLOUGHBY),Hah!,4,0.08
123,YOUNG MISS WILLOUGHBY),Yes!,4,0.08
124,YOUNG MISS WILLOUGHBY,"Oh, shut up!",12,0.24
125,YOUNG MISS WILLOUGHBY),Hah! Hah! Hah!,14,0.28
126,MISS WILLOUGHBY,"Oh, shut up!",12,0.24
127,WILLOUGHBY),"- Thank you, Andrew.",20,0.4
128,WILLOUGHBY),- Ms. Willoughby.,17,0.34
129,MISS WILLOUGHBY,"And so, through a lethal",24,0.48
130,MISS WILLOUGHBY,"combination of death,",21,0.42
131,__VOICEOVER,"extreme hubris and rampant ambition,",36,0.72
132,MISS WILLOUGHBY,"the first Triumvirate ceased to exist,",38,0.76
133,MISS WILLOUGHBY,"and clearly, politics",21,0.42
134,MISS WILLOUGHBY,hasn't evolved that much,24,0.48
135,MISS WILLOUGHBY,"in the past 2,000 years.",24,0.48
136,MISS WILLOUGHBY,"That's all for today,",21,0.42
137,MISS WILLOUGHBY,I'll get you the reading list,29,0.58
138,MISS WILLOUGHBY,for tomorrow morning.,21,0.42
139,MISS WILLOUGHBY,Please find time in your busy social lives,42,0.84
140,MISS WILLOUGHBY,to have a look at it.,21,0.42
141,__VOICEOVER,I am so proud of the lot of you.,32,0.64
142,MISS WILLOUGHBY,You bring me such joy.,22,0.44
143,MISS WILLOUGHBY,Oliver! How lovely to hear from you.,36,0.72
144,[VO]),I've been meaning to pop by the shop.,37,0.74
145,THEN OLIVER,- How are you? How's Helen?,27,0.54
146,THEN OLIVER,"- I am well, thanks.",20,0.4
147,(CONT'D),"Yes, um, Helen's…",17,0.34
148,(CONT'D),okay. She's okay.,17,0.34
149,(CONT'D) [VO]),"Uh, the reason that I'm calling",31,0.62
150,(CONT'D) [VO]),is the books have arrived.,26,0.52
151,OLIVER,"- Oh, marvelous.",16,0.32
152,OLIVER,- And I wondered if,19,0.38
153,(CONT'D),I couldn't swing by and drop them off?,38,0.76
154,MISS WILLOUGHBY,"Oh, you really don't need to do that.",37,0.74
155,(CONT'D),"No, no, no, honestly,",21,0.42
156,(CONT'D),"sweetheart, it's no trouble.",28,0.56
157,(CONT'D),"Actually, we're headed",22,0.44
158,(CONT'D),"in your direction tomorrow, so…",31,0.62
159,(CONT'D),"To be frank, Lizzie,",20,0.4
160,(CONT'D),it would be good to talk.,25,0.5
161,MISS WILLOUGHBY,Is everything alright?,22,0.44
162,OLIVER,"I, I'd rather say in person.",28,0.56
163,[VO]),"Oh, of course.",14,0.28
164,(CONT'D),Why don't you come around tea time?,35,0.7
165,(CONT'D),It's a good excuse for cake.,28,0.56
166,OLIVER,"Well, cake would be great.",26,0.52
167,THEN MISS WILLOUGHBY,- Thank you.,12,0.24
168,THEN MISS WILLOUGHBY,"- Marvelous, I'll see you then.",31,0.62
169,OLIVER,See you then.,13,0.26
170,MISS WILLOUGHBY),Hm.,3,0.06
171,OLIVER,Well.,5,0.1
172,ROBERT,I understand we're expecting,28,0.56
173,ROBERT,company tomorrow?,17,0.34
174,MISS WILLOUGHBY,"Yes, I've got a call from Oliver Deakin.",40,0.8
175,MISS WILLOUGHBY,He and Helen are popping 'round with,36,0.72
176,MISS WILLOUGHBY,those,5,0.1
177,ROBERT,- first editions he found me.,29,0.58
178,ROBERT,- Aah.,6,0.12
179,(CONT'D),I haven't seen Helen in a while.,32,0.64
180,(CONT'D),"Her father,",11,0.22
181,(CONT'D),"Brigadier Ronald, wonderful old chap,",37,0.74
182,(CONT'D),and a good friend to your father.,33,0.66
183,(CONT'D),"He was in Burma under Wingate,",30,0.6
184,(CONT'D),"uh, Chindits.",13,0.26
185,(CONT'D),"There was some controversy,",27,0.54
186,(CONT'D),but I'd say that they were among,32,0.64
187,(CONT'D),the bravest and the toughest.,29,0.58
188,(CONT'D),Do you remember him?,20,0.4
189,(CONT'D),"Ah, that's a shame.",19,0.38
190,(CONT'D),"Tiny, but utterly fearless.",27,0.54
191,(CONT'D),"You know, he never did approve",30,0.6
192,(CONT'D),"of Helen marrying Oliver,",25,0.5
193,(CONT'D),used to say his eyes,20,0.4
194,(CONT'D),were too close together.,24,0.48
195,MISS WILLOUGHBY,"Oh, dear, well, they're coming for tea.",39,0.78
196,ROBERT,And?,4,0.08
197,MISS WILLOUGHBY,And…,4,0.08
198,MISS WILLOUGHBY,there'll be cake?,17,0.34
199,__VOICEOVER,And?,4,0.08
200,MISS WILLOUGHBY,And what?,9,0.18
201,MISS WILLOUGHBY,"Gah! You're no fun,",19,0.38
202,MISS WILLOUGHBY,I can't keep anything from you.,31,0.62
203,MISS WILLOUGHBY,Something's up. Oliver wasn't himself.,38,0.76
204,ROBERT,In what way?,12,0.24
205,ROBERT,- You'll laugh.,15,0.3
206,ROBERT,- Try me.,9,0.18
207,__VOICEOVER,"He called me ""sweetheart"".",26,0.52
208,(CONT'D),"I've known him for 20 years,",28,0.56
209,(CONT'D),he's never called me sweetheart.,32,0.64
210,(CONT'D),He's just not the type.,23,0.46
211,ROBERT,Let me clarify a little something for you.,42,0.84
212,(CONT'D),All men are the type.,21,0.42
213,HELEN,"So, what do you make of Philip?",31,0.62
214,HELEN,Does the author intend us,25,0.5
215,HELEN,to feel sympathy for him?,25,0.5
216,2,"Oh, sympathy? With Rachel throwing",34,0.68
217,2,herself,7,0.14
218,2,at him? Lucky sod!,18,0.36
219,DIANA,I think it's obvious,20,0.4
220,DIANA,we're meant to despise Philip,29,0.58
221,DIANA,for the weak man-child that he is.,34,0.68
222,SARAH),- That's a bit harsh.,21,0.42
223,SARAH),- He's so whiny,15,0.3
224,DIANA,and so love-struck.,19,0.38
225,__VOICEOVER,had anything to do with him.,28,0.56
226,5,- She was playing him.,22,0.44
227,5,- We've all known women,23,0.46
228,SARAH,"like Rachel, women with a certain",33,0.66
229,SARAH,amount,6,0.12
230,SARAH,of superficial beauty,21,0.42
231,SARAH,but little intelligence,23,0.46
232,SARAH,"using men, and then",19,0.38
233,SARAH,"throwing them away on a whim,",29,0.58
234,SARAH,"or worse, driving them mad,",27,0.54
235,SARAH,never mind if they're,21,0.42
236,SARAH,"someone's husband, family men!",30,0.6
237,DIANA,"Ooh, Sarah,",11,0.22
238,DIANA,you're speaking from experience?,32,0.64
239,__VOICEOVER,Absolutely not. Don't be absurd.,32,0.64
240,SARAH,I'm just saying,15,0.3
241,SARAH,that Philip is a victim in all this.,36,0.72
242,SARAH,Rachel is a predator.,21,0.42
243,DIANA,"And of course, she's punished",29,0.58
244,DIANA,for her sexuality--,19,0.38
245,DIANA),- Perhaps we should just--,26,0.52
246,DIANA),- She's punished for using,26,0.52
247,SARAH,"her sexuality to destroy people's lives,",40,0.8
248,DIANA,- quite rightly!,16,0.32
249,DIANA,"- Oh, come on!",14,0.28
250,DIANA,"Philip gave her the jewels,",27,0.54
251,DIANA,she didn't ask for them.,24,0.48
252,SARAH),"- Not directly, no.",19,0.38
253,SARAH),- Now you're being obtuse.,26,0.52
254,HELEN,"And on that note, I think",25,0.5
255,HELEN,we should call it a night.,26,0.52
256,HELEN,Excuse me. Sarah.,17,0.34
257,HELEN,Are you alright to drive?,25,0.5
258,SARAH,"No, I'm alright. Fine.",22,0.44
259,__VOICEOVER,Thank you. Thank you.,21,0.42
260,MAN,Thank you.,10,0.2
261,HELEN,I think you've upset her.,25,0.5
262,DIANA,"Ah, Sarah ought to live",23,0.46
263,DIANA,"in the real world for a change,",31,0.62
264,DIANA,"it's not all gin and jacks and bridge,",38,0.76
265,DIANA,"but you know that, don't you, Helen?",36,0.72
266,DIANA,You're such a free spirit.,26,0.52
267,DIANA,Such a dear friend.,19,0.38
268,HELEN),Hello?,6,0.12
269,HELEN) (CONT'D),Is anyone there?,16,0.32
270,HELEN) (CONT'D),Please.,7,0.14
272,ROBERT,- Thank you.,12,0.24
273,ROBERT,- Hi!,5,0.1
274,HELEN),- So good to see you.,21,0.42
275,HELEN),- Helen!,8,0.16
276,ROBERT,"Aw, you have missed me, haven't you?",36,0.72
277,__VOICEOVER,Come.,5,0.1
278,MISS WILLOUGHBY,"Hello, darling.",15,0.3
279,OLIVER,Nothing's changed.,18,0.36
280,OLIVER,"- Comforting, isn't it?",23,0.46
281,OLIVER,- Yeah.,7,0.14
282,HELEN,"So lovely to be here, Willow.",29,0.58
283,MISS WILLOUGHBY,"You know, you're practically",28,0.56
284,MISS WILLOUGHBY,the only person,15,0.3
285,(CONT'D),who still calls me that.,24,0.48
286,HELEN,"Oh, you don't mind?",19,0.38
287,MISS WILLOUGHBY,"Of course not, it's lovely.",27,0.54
288,OLIVER,We have such fond memories,26,0.52
289,OLIVER,"of this place, Lizzie.",22,0.44
290,(CONT'D),"Your parents, such a tragedy.",29,0.58
291,OLIVER),- Hm.,5,0.1
292,OLIVER),- You two met each other here?,30,0.6
293,OLIVER,"Ah, no, no, but Helen",21,0.42
294,HELEN,"- Oh, Helen, you didn't?",24,0.48
295,HELEN,"- Well,",7,0.14
296,HELEN,I'd still be waiting,20,0.4
297,HELEN,if I'd left it to him.,22,0.44
298,OLIVER,"She, she's probably right.",26,0.52
299,OLIVER,"How's the, the estate managing, Lizzie?",39,0.78
300,(CONT'D),I expect it runs itself?,24,0.48
301,MISS WILLOUGHBY,"Oh well, that's Robert's domain.",32,0.64
302,MISS WILLOUGHBY,I just sign the checks.,23,0.46
303,ROBERT,"Yes well, we've had to make some",32,0.64
304,ROBERT,"changes over the past few years,",32,0.64
305,__VOICEOVER,but I've brought in young Matthew,33,0.66
306,__VOICEOVER,Cridick.,8,0.16
307,ROBERT,He's worked out wonderfully well.,33,0.66
308,OLIVER,"Ah well, it is a business",25,0.5
309,OLIVER,like anything else.,19,0.38
310,MISS WILLOUGHBY,"Yes, how's the bookshop?",24,0.48
311,(CONT'D),"I mean, do people even buy books",32,0.64
312,(CONT'D),anymore?,8,0.16
313,(CONT'D),I'm appalled at the gaps,24,0.48
314,(CONT'D),in some of my students' reading.,32,0.64
315,OLIVER,It's not easy.,14,0.28
316,MISS WILLOUGHBY,"What is it, Oliver?",19,0.38
317,HELEN,"It's not Oliver, it, it's me.",29,0.58
318,HELEN,"I'm sorry, it's just that we couldn't",37,0.74
319,(CONT'D),think of anybody else to talk to.,33,0.66
320,MISS WILLOUGHBY,"Well, there's nothing",21,0.42
321,MISS WILLOUGHBY,that you can't tell us.,23,0.46
322,HELEN,I've been having,16,0.32
323,HELEN,"these weird experiences,",24,0.48
324,(CONT'D),"encounters, I suppose you could call",36,0.72
325,(CONT'D),'em.,4,0.08
326,(CONT'D),I think I'm being haunted.,26,0.52
327,(CONT'D),I think I'm being haunted,25,0.5
328,(CONT'D),by my dear old dad.,19,0.38
329,(CONT'D),"Now, I know how it sounds.",26,0.52
330,__VOICEOVER,"when I was closing up the shop,",31,0.62
331,(CONT'D),"only this time, I saw something",31,0.62
332,(CONT'D),"afterwards, from outside.",25,0.5
333,(CONT'D),"Someone in the shop, I'm sure.",30,0.6
334,(CONT'D),I don't know what to think.,27,0.54
335,MISS WILLOUGHBY,"Have you seen anything, Oliver?",31,0.62
336,OLIVER,"Uh no, no, but that",19,0.38
337,OLIVER,doesn't mean it didn't happen.,30,0.6
338,ROBERT),Ah.,3,0.06
339,ROBERT,"Oliver, old chap,",17,0.34
340,ROBERT,why don't I show you some of the,32,0.64
341,ROBERT,we've made in the cellar?,25,0.5
342,OLIVER,"Oh yes, yes, of course.",23,0.46
343,ROBERT,"We added more room,",19,0.38
344,ROBERT,which of course means more wine.,32,0.64
345,OLIVER,"Ah, marvelous.",14,0.28
346,MISS WILLOUGHBY,I suspect Robert will introduce Oliver,38,0.76
347,(CONT'D),to a glass of single malt on the way.,37,0.74
348,(CONT'D),"Oh, Helen, please don't.",24,0.48
349,HELEN,I'm sorry.,10,0.2
350,MISS WILLOUGHBY,"Don't cry, I'm sure it's nothing.",33,0.66
351,(CONT'D),There's an explanation,22,0.44
352,(CONT'D),for everything under the sun.,29,0.58
353,(CONT'D),Why don't you start at the beginning?,37,0.74
354,WILLOUGHBY),- When did it first happen?,27,0.54
355,WILLOUGHBY),- Ah.,5,0.1
356,(CONT'D),"Well, it was a couple of months ago.",36,0.72
357,MISS WILLOUGHBY,"And these encounters, they've",29,0.58
358,MISS WILLOUGHBY,only ever happened at the shop?,31,0.62
359,(CONT'D),"The odd book moving, things",27,0.54
360,(CONT'D),not being where they should be.,31,0.62
361,(CONT'D),I became aware of things,24,0.48
362,(CONT'D),"in my peripheral vision,",24,0.48
363,(CONT'D),just there.,11,0.22
364,(CONT'D),Recently…,9,0.18
365,MISS WILLOUGHBY,Go on.,6,0.12
366,HELEN,"Oh, it's the weirdest thing,",28,0.56
367,(CONT'D),but sometimes there's this distinct smell,41,0.82
368,(CONT'D),and it's my father.,19,0.38
369,(CONT'D),He always wore this particular cologne,38,0.76
370,(CONT'D),from a perfumery in Provence.,29,0.58
371,(CONT'D),I'd turn a corner in the shop,29,0.58
372,(CONT'D),and the smell would just hit me,31,0.62
373,(CONT'D),and it's as though,18,0.36
374,(CONT'D),he's standing right there.,26,0.52
375,MISS WILLOUGHBY,And it couldn't be another,26,0.52
376,MISS WILLOUGHBY,customer wearing the same scent?,32,0.64
377,HELEN,I doubt it. The perfumery went,30,0.6
378,HELEN,out of business in the late 90s.,32,0.64
379,(CONT'D),I remember my dad using,23,0.46
380,(CONT'D),the last of it one Christmas.,29,0.58
381,(CONT'D),I must sound insane.,20,0.4
382,MISS WILLOUGHBY,"Oh, so what if you are?",23,0.46
383,(CONT'D),We're all a little bit potty.,29,0.58
384,(CONT'D),It's what makes life so interesting.,36,0.72
385,(CONT'D),Have you told anybody else about this?,38,0.76
386,HELEN,"Well, I'm seeing a psychiatrist.",32,0.64
387,(CONT'D),It was Oliver's idea.,21,0.42
388,MISS WILLOUGHBY,"Well, that's good. How's it going?",34,0.68
389,HELEN,Dr. Shirani's alright.,22,0.44
390,(CONT'D),"She can be a bit cold at times, but--",37,0.74
391,MISS WILLOUGHBY,Dr. Gaya Shirani?,17,0.34
392,MISS WILLOUGHBY,"- Oh, do you know her?",22,0.44
393,MISS WILLOUGHBY,- Um…,5,0.1
394,(CONT'D),"I used to, yes.",15,0.3
395,(CONT'D),Has she given you any medication?,33,0.66
396,HELEN,"Just some mild anxiety medication,",34,0.68
397,(CONT'D),when it all gets too much.,26,0.52
398,HELEN,"Oh, do they? I don't know.",26,0.52
399,(CONT'D),I suppose it must be.,21,0.42
400,(CONT'D),I'm just so exhausted.,22,0.44
401,(CONT'D),I spend all my time waiting,27,0.54
402,(CONT'D),for it to happen again.,23,0.46
403,MISS WILLOUGHBY,Do you want me to see what I can do?,36,0.72
404,HELEN,- What do you mean?,19,0.38
405,HELEN,"- Well, there's a logical",25,0.5
406,(CONT'D),"explanation for this, I know there is.",38,0.76
407,(CONT'D),Do you want me to see if,24,0.48
408,(CONT'D),I can get to the bottom of it?,30,0.6
409,HELEN,"Oh, you can't. I mean, your work.",33,0.66
410,MISS WILLOUGHBY,- I couldn't possibly…,22,0.44
411,(CONT'D),You were so kind to me when I was little,40,0.8
412,(CONT'D),after my parents died.,22,0.44
413,(CONT'D),I haven't forgotten.,20,0.4
414,(CONT'D),Please let me help you.,23,0.46
415,HELEN,Oh.,3,0.06
416,HELEN,Thank you.,10,0.2
417,MISS WILLOUGHBY,I still can't believe you remember,34,0.68
418,(CONT'D),Daddy calling me Willow.,24,0.48
419,HELEN,Your father copied mine.,24,0.48
420,(CONT'D),His special name for me was Bella.,34,0.68
421,__VOICEOVER,too.,4,0.08
422,MISS WILLOUGHBY,Huh. That's so sweet.,21,0.42
423,(CONT'D),I don't think I've ever heard,29,0.58
424,(CONT'D),"anybody call you Bella,",23,0.46
425,(CONT'D),not even Oliver.,16,0.32
426,HELEN,"No, I've never told him.",24,0.48
427,(CONT'D),I've never told anyone.,23,0.46
428,(CONT'D),"It was just between my father and me,",37,0.74
429,(CONT'D),and now I've told you.,22,0.44
430,MISS WILLOUGHBY,"Well, I'm glad.",15,0.3
431,(CONT'D),Now…,4,0.08
432,(CONT'D),why don't we have some of that cake,35,0.7
433,(CONT'D),before the boys come back and eat it all,40,0.8
434,ROBERT,Poor Helen seems very fragile.,30,0.6
435,MISS WILLOUGHBY,You've known her longer than I have.,36,0.72
436,(CONT'D),Is this in her character?,25,0.5
437,ROBERT,It certainly wasn't in her father's.,36,0.72
438,(CONT'D),I never knew her mother.,24,0.48
439,(CONT'D),You noticed the shaking?,24,0.48
440,MISS WILLOUGHBY,Yes.,4,0.08
441,ROBERT,- It's not alcohol.,19,0.38
442,ROBERT,- You're sure?,14,0.28
443,MISS WILLOUGHBY,I couldn't smell it on her breath.,34,0.68
444,MISS WILLOUGHBY,More likely it's the anti-anxiety,33,0.66
445,MISS WILLOUGHBY,medication she's on.,20,0.4
446,ROBERT,"So, we're in the business",25,0.5
447,MISS WILLOUGHBY,Do I detect a teeny-weeny,25,0.5
448,MISS WILLOUGHBY,degree of cynicism?,19,0.38
449,ROBERT,Can you blame me?,17,0.34
450,MISS WILLOUGHBY,"I know it's an unusual one, but…",32,0.64
451,(CONT'D),I haven't had a case to work on for ages,40,0.8
452,ROBERT,This isn't a case.,18,0.36
453,MISS WILLOUGHBY,Indulge me.,11,0.22
454,ROBERT,Where will you start?,21,0.42
455,MISS WILLOUGHBY),I don't quite know yet.,23,0.46
456,CAROLE,"- Good morning, Carole.",23,0.46
457,CAROLE,- Morning!,10,0.2
458,ROBERT,I take it you have a plan?,26,0.52
459,MISS WILLOUGHBY,I take it you found the spirit level?,37,0.74
460,ROBERT,You do know they have nothing,29,0.58
461,ROBERT,to do with actual spirits?,26,0.52
462,MISS WILLOUGHBY,"Thank you, Andrew.",18,0.36
463,ANDREW,"You have a nice day, Ms. Willoughby.",36,0.72
464,MISS WILLOUGHBY),Let's go.,9,0.18
465,MISS WILLOUGHBY,Everything seems alright,24,0.48
466,MISS WILLOUGHBY,with your electrics.,20,0.4
467,HELEN,"Yeah, I told you.",17,0.34
468,(CONT'D),There is no explanation.,24,0.48
469,MISS WILLOUGHBY,Not yet.,8,0.16
470,(CONT'D),Hm.,3,0.06
471,(CONT'D),Do these shelves move?,22,0.44
472,(CONT'D),"Huh, they did.",14,0.28
473,HELEN,They haven't been touched for years.,36,0.72
474,MISS WILLOUGHBY,Hm.,3,0.06
475,HELEN,"If you need any help,",21,0.42
476,HELEN,they'll help you at the desk.,29,0.58
477,THE HELEN,- Thank you.,12,0.24
478,THE HELEN,- Anything?,11,0.22
479,HELEN,- Bubble gum.,13,0.26
480,HELEN,- Ah.,5,0.1
481,MISS WILLOUGHBY,Where exactly did the books,27,0.54
482,MISS WILLOUGHBY,start flying off the shelves?,29,0.58
483,HELEN,"It was, it was around here.",27,0.54
484,HELEN,"Sometimes, I catch this look in his eye.",40,0.8
485,(CONT'D),He thinks I'm going mad.,24,0.48
486,MISS WILLOUGHBY,"He's just worried about you, that's all.",40,0.8
487,(CONT'D),Now where exactly am,20,0.4
488,(CONT'D),I supposed to be looking?,25,0.5
489,HELEN,It was around the Greek mythology,33,0.66
490,(CONT'D),I think.,8,0.16
491,(CONT'D),I'm sorry I can't be more specific.,35,0.7
492,(CONT'D),It's all a bit hazy.,20,0.4
493,MISS WILLOUGHBY,It's okay.,10,0.2
494,HELEN,"God help us. Sorry Willow,",26,0.52
495,(CONT'D),will you excuse me?,19,0.38
496,MISS WILLOUGHBY,Sure.,5,0.1
497,HELEN,"Ah, Diana.",10,0.2
498,DIANA,- Can I help you?,17,0.34
499,DIANA,"- Hi Helen,",11,0.22
500,DIANA,"have you got my, um, first edition?",35,0.7
501,SARAH,- I'm so sorry.,15,0.3
502,SARAH,- You really shouldn't,22,0.44
503,(CONT'D),just step back like that.,25,0.5
504,(CONT'D),What were you thinking?,23,0.46
505,(CONT'D),And in those boots!,19,0.38
506,MISS WILLOUGHBY,"Oh, um, here.",13,0.26
507,SARAH,I know you! You're Elizabeth Willoughby,39,0.78
508,SARAH,"- Yes, I am.",12,0.24
509,SARAH,- I did enjoy your last book.,29,0.58
510,SARAH,"Informative, yet accessible,",28,0.56
511,SARAH,which is so rare in non-fiction.,32,0.64
512,MISS WILLOUGHBY,It's always nice to meet a fan.,31,0.62
513,SARAH,"Sarah Clarkson, and I wouldn't say",34,0.68
514,SARAH,"I'm a fan, exactly.",19,0.38
515,MISS WILLOUGHBY,"Oh. Um, I think this might be yours.",36,0.72
516,SARAH,"Oh, you can have it.",20,0.4
517,(CONT'D),It's some harebrained project,29,0.58
518,(CONT'D),of Diana Branson.,17,0.34
519,(CONT'D),"For an intelligent woman,",25,0.5
520,(CONT'D),she really does have,20,0.4
521,(CONT'D),"some ludicrous notions,",23,0.46
522,(CONT'D),"but given the circumstances,",28,0.56
523,(CONT'D),"well, she might be desperate.",29,0.58
524,(CONT'D),"Now that we've been introduced, I",33,0.66
525,(CONT'D),"wonder,",7,0.14
526,(CONT'D),I might as well come out with it.,33,0.66
527,MISS WILLOUGHBY,- I've written a book.,22,0.44
528,SARAH,"A family history,",17,0.34
529,SARAH,I suppose you could call it.,28,0.56
530,(CONT'D),I come from a long line of accountants.,39,0.78
531,(CONT'D),I wondered if you could read it for me?,39,0.78
532,(CONT'D),Tell me if it's any good.,25,0.5
533,__VOICEOVER,Oh good Lord. Helen?,20,0.4
534,(CONT'D),Helen! Helen?,13,0.26
535,HELEN),"- My pills, Ollie!",18,0.36
536,HELEN),"- For God's sake, Helen, stop.",30,0.6
537,__VOICEOVER,"Here, sweetheart.",17,0.34
538,MISS WILLOUGHBY,Take a deep breath.,19,0.38
539,OLIVER,What is it? What?,17,0.34
540,WILLOUGHBY),I saw him again! He was here!,29,0.58
541,HELEN,- Who? Who did you see?,23,0.46
542,HELEN,- My father!,12,0.24
543,(CONT'D),It was him standing right there.,32,0.64
544,ROBERT,"If you don't mind, Briony, please?",34,0.68
545,BRIONY,"- Thank you, Briony.",20,0.4
546,BRIONY,"- Thank you, Ms. Willoughby.",28,0.56
547,MISS WILLOUGHBY,"Robert, there's something",25,0.5
548,MISS WILLOUGHBY,"I need to talk to you about,",28,0.56
549,MISS WILLOUGHBY,and I don't want you,20,0.4
550,MISS WILLOUGHBY,to take it the wrong way.,25,0.5
551,ROBERT,Oh dear. Not sure,17,0.34
552,ROBERT,I like the sound of this.,25,0.5
553,MISS WILLOUGHBY,"No, don't be silly, it's just, well…",36,0.72
554,(CONT'D),"the thing is, you've been looking",33,0.66
555,(CONT'D),"after me for 25 years now,",26,0.52
556,(CONT'D),and you've basically put,24,0.48
557,(CONT'D),your own life on hold--,23,0.46
558,ROBERT,I'm not having this conversation.,33,0.66
559,MISS WILLOUGHBY,"But, I worry about you",22,0.44
560,MISS WILLOUGHBY,and I want you to be happy.,27,0.54
561,ROBERT,I am happy.,11,0.22
562,MISS WILLOUGHBY,"But, do you not want to marry, or…",34,0.68
563,__VOICEOVER,do something different?,23,0.46
564,__VOICEOVER,I feel like I've been selfish,29,0.58
565,(CONT'D),and I've held you back,22,0.44
566,(CONT'D),from the life that you could have led.,38,0.76
567,MISS WILLOUGHBY,- This is my life.,18,0.36
568,MISS WILLOUGHBY,"- I'm just saying,",18,0.36
569,(CONT'D),"if you did want to move on, I'd be okay,",40,0.8
570,(CONT'D),and you should do it now whilst,31,0.62
571,(CONT'D),you're still yo-- healthy.,26,0.52
572,ROBERT,I… am not that decrepit.,24,0.48
573,MISS WILLOUGHBY,You know what I mean.,21,0.42
574,(CONT'D),Matthew's settled,17,0.34
575,(CONT'D),into running the estate and,27,0.54
576,(CONT'D),"you could travel,",17,0.34
577,(CONT'D),you could go back to America.,29,0.58
578,(CONT'D),Find a nice young lady,22,0.44
579,WILLOUGHBY),- Palm Beach.,13,0.26
580,WILLOUGHBY),- Do you want me to go?,23,0.46
581,MISS WILLOUGHBY,"No, I knew you'd say that.",26,0.52
582,ROBERT,Lizzie…,7,0.14
583,(CONT'D),when Jack and Mary died,23,0.46
584,(CONT'D),"and I was left to look after you,",33,0.66
585,(CONT'D),I was terrified.,16,0.32
586,(CONT'D),What did I know about,21,0.42
587,(CONT'D),bringing up a child?,20,0.4
588,MISS WILLOUGHBY,"You were brilliant,",19,0.38
589,(CONT'D),but I'm an adult now.,21,0.42
590,ROBERT,Are you saying,14,0.28
591,ROBERT,you don't need me?,18,0.36
592,MISS WILLOUGHBY,"No, of course not.",18,0.36
593,ROBERT,You don't seem to understand,28,0.56
594,ROBERT,what you've become to me.,25,0.5
595,(CONT'D),I could not be prouder,22,0.44
596,(CONT'D),of the woman that you've become.,32,0.64
597,(CONT'D),Nothing makes me happier.,25,0.5
598,ROBERT,Just promise me,15,0.3
599,ROBERT,you'll think about it.,22,0.44
600,(CONT'D),Promise me you won't sacrifice,30,0.6
601,(CONT'D),"your happiness for mine,",24,0.48
602,(CONT'D),"because it'll be okay,",22,0.44
603,(CONT'D),"you know, I'd manage.",21,0.42
604,__VOICEOVER,Of course you would.,20,0.4
605,MISS WILLOUGHBY,And I'm only saying this,24,0.48
606,MISS WILLOUGHBY,because I love you.,19,0.38
607,ROBERT,I know.,7,0.14
608,ROBERT,- So that's settled.,20,0.4
609,ROBERT,- Settled.,10,0.2
610,(CONT'D),But I'm not going anywhere.,27,0.54
611,MISS WILLOUGHBY,But you could if you wanted to.,31,0.62
612,MISS WILLOUGHBY,- I don't want to.,18,0.36
613,MISS WILLOUGHBY,- But you might change your mind.,33,0.66
614,MISS WILLOUGHBY,- I won't change my mind.,25,0.5
615,MISS WILLOUGHBY,- But you never know--,22,0.44
616,ROBERT,"If you keep this up, I will go.",31,0.62
617,MISS WILLOUGHBY,I won't mention it again.,25,0.5
618,TITLE),Professor Vernon Murray,23,0.46
619,TITLE),"BA , MA PH.d",12,0.24
620,TITLE),Department of Physics,21,0.42
621,WILLOUGHBY),Come in!,8,0.16
622,WILLOUGHBY) (CONT'D),Elizabeth Willoughby.,21,0.42
623,WILLOUGHBY) (CONT'D),For someone,11,0.22
624,WILLOUGHBY) (CONT'D),"who lives downstairs,",21,0.42
625,WILLOUGHBY) (CONT'D),I don't see you often enough.,29,0.58
626,MURRAY),Is this is a good time?,23,0.46
627,WILLOUGHBY),"Yes, of course, absolutely,",27,0.54
628,WILLOUGHBY),"sit down, sit down.",19,0.38
629,MURRAY),Thank you.,10,0.2
630,WILLOUGHBY),You know you only come here,27,0.54
631,WILLOUGHBY),when you want to pick my brain?,31,0.62
632,MURRAY),"Oh I don't, do I?",17,0.34
633,MURRAY) (CONT'D),"Well, maybe,",12,0.24
634,MURRAY) (CONT'D),but I did bring you these.,26,0.52
635,WILLOUGHBY) (CONT'D),Aah! Oh!,8,0.16
636,WILLOUGHBY) (CONT'D),And this offering,17,0.34
637,WILLOUGHBY) (CONT'D),isn't because you called,24,0.48
638,WILLOUGHBY) (CONT'D),my work pseudo-scientific,25,0.5
639,WILLOUGHBY) (CONT'D),claptrap?,9,0.18
640,TO MISS WILLOUGHBY),"- Oh Vernon, please don't.",26,0.52
641,TO MISS WILLOUGHBY),"- Oh, I'm only teasing.",23,0.46
642,WILLOUGHBY) (CONT'D),"I mean, it is what people are saying,",37,0.74
643,WILLOUGHBY) (CONT'D),you may as well be right.,25,0.5
644,WILLOUGHBY) (CONT'D),"Ooh, well, what is it?",22,0.44
645,MURRAY),"Well, I have a friend.",22,0.44
646,WILLOUGHBY),"Oh, ah, the mythical,",21,0.42
647,WILLOUGHBY),all-encompassing friend.,24,0.48
648,MURRAY),"No, really,",11,0.22
649,MURRAY),I do have a friend. Um…,23,0.46
650,MURRAY) (CONT'D),she's a dear woman but,22,0.44
651,MURRAY) (CONT'D),she seems to have got herself,29,0.58
652,WILLOUGHBY),- into a bit of a state.,24,0.48
653,WILLOUGHBY),"- Mh-hm, tell me.",17,0.34
654,MURRAY),She claims to be haunted,24,0.48
655,MURRAY),by the ghost of her father.,27,0.54
656,WILLOUGHBY),How long has he been passed?,28,0.56
657,MURRAY),"Um, 20 years or so.",19,0.38
658,WILLOUGHBY),And she doesn't have,20,0.4
659,WILLOUGHBY),history of hysterics?,21,0.42
660,WILLOUGHBY) (CONT'D),"She's, uh…",10,0.2
661,WILLOUGHBY) (CONT'D),not a lover of drama,20,0.4
662,WILLOUGHBY) (CONT'D),or a narcissist?,16,0.32
663,TO MISS WILLOUGHBY),- No.,5,0.1
664,TO MISS WILLOUGHBY),- She doesn't take psychedelic,30,0.6
665,MURRAY),- or psychotropic drugs?,24,0.48
666,MURRAY),- No.,5,0.1
667,WILLOUGHBY),Alcohol consumption?,20,0.4
668,TO MISS WILLOUGHBY),- Negligible.,13,0.26
669,TO MISS WILLOUGHBY),- And you believe her story?,28,0.56
670,MURRAY),I believe…,10,0.2
671,MURRAY) (CONT'D),that certain unexplained,24,0.48
672,MURRAY) (CONT'D),"incidents have occurred, yes.",29,0.58
673,WILLOUGHBY),And are these incidents,23,0.46
674,WILLOUGHBY),unexplained because they are…,29,0.58
675,WILLOUGHBY) (CONT'D),"unexplainable,",14,0.28
676,WILLOUGHBY) (CONT'D),or because you haven't found,28,0.56
677,WILLOUGHBY) (CONT'D),an explanation?,15,0.3
678,MURRAY),"I honestly don't know, Vernon.",30,0.6
679,WILLOUGHBY),"Yes, you do.",12,0.24
680,WILLOUGHBY) (CONT'D),You're just too polite,22,0.44
681,WILLOUGHBY) (CONT'D),to tell me to my face.,22,0.44
682,MURRAY),"I deal in facts, not conjecture.",32,0.64
683,MURRAY) (CONT'D),I think a logical,17,0.34
684,MURRAY) (CONT'D),explanation is more likely.,27,0.54
685,WILLOUGHBY),So why do you come to me?,25,0.5
686,MURRAY),Because my friend is in pain,28,0.56
687,MURRAY),and I want to help her.,23,0.46
688,WILLOUGHBY),I'm not your man.,17,0.34
689,MURRAY) (CONT'D),"She smells him, Vernon,",23,0.46
690,MURRAY) (CONT'D),"when he is there,",17,0.34
691,MURRAY) (CONT'D),"she smells his cologne,",23,0.46
692,MURRAY) (CONT'D),a specific cologne to him.,26,0.52
693,WILLOUGHBY) (CONT'D),"You know, I was bored,",22,0.44
694,WILLOUGHBY) (CONT'D),"you'd lost me, but this,",24,0.48
695,WILLOUGHBY) (CONT'D),this rings all the bells.,25,0.5
696,WILLOUGHBY) (CONT'D),It's an olfactory,17,0.34
697,WILLOUGHBY) (CONT'D),"experience, this,",17,0.34
698,WILLOUGHBY) (CONT'D),this is an incredibly powerful one.,35,0.7
699,WILLOUGHBY) (CONT'D),Have I talked to you,20,0.4
700,WILLOUGHBY) (CONT'D),about Morphic Resonance?,24,0.48
701,TO MISS WILLOUGHBY),"- Um, focus, Vernon.",20,0.4
702,TO MISS WILLOUGHBY),"- Sorry, sorry, sorry, yes.",27,0.54
703,WILLOUGHBY),"Well, I'll need to",18,0.36
704,WILLOUGHBY),give you some homework.,23,0.46
705,WILLOUGHBY) (CONT'D),You'll find messages online.,28,0.56
706,__VOICEOVER,"some firewalls, but,",20,0.4
707,WILLOUGHBY) (CONT'D),perhaps you can use a proxy.,28,0.56
708,MURRAY),Thank you.,10,0.2
709,WILLOUGHBY),"And Elizabeth,",14,0.28
710,WILLOUGHBY (CONT'D),you'll need an open mind.,25,0.5
711,WILLOUGHBY) (CONT'D),Can you do that?,16,0.32
712,MURRAY),I can try.,10,0.2
713,TITLE),"The Docklands Drowning, 2003",28,0.56
714,TITLE),The Mysteries of the Unexplained,32,0.64
715,TITLE),"in Manchester, 2003",19,0.38
716,TITLE),The Ghost of Scarborough,24,0.48
717,TITLE),The Myrtles Plantation,22,0.44
718,MISS WILLOUGHBY),Hm.,3,0.06
719,TITLE),The Myrtles Plantation,22,0.44
720,TITLE),a poltergeist has been throwing,31,0.62
721,TITLE),something strange happening,27,0.54
722,ROBERT,Thought you could do,20,0.4
723,ROBERT,with a bit of this.,19,0.38
724,MISS WILLOUGHBY,"Ah! Thank you, Robert.",22,0.44
725,ROBERT,Oliver called.,14,0.28
726,(CONT'D),He said Helen,13,0.26
727,(CONT'D),was doing much better.,22,0.44
728,MISS WILLOUGHBY,Good.,5,0.1
729,ROBERT,"So, how far have you got?",25,0.5
730,MISS WILLOUGHBY,I don't know.,13,0.26
731,(CONT'D),"I mean, look at this.",21,0.42
732,(CONT'D),"The Rogers' Foundary, 1996.",27,0.54
733,(CONT'D),A night watchman was fired,26,0.52
734,(CONT'D),for being drunk on duty,23,0.46
735,(CONT'D),because he claims he saw,24,0.48
736,(CONT'D),the ghost of a former employee,30,0.6
737,(CONT'D),"who died in an accident,",24,0.48
738,(CONT'D),"and then, the following year,",29,0.58
739,(CONT'D),"on the same day, his replacement",32,0.64
740,(CONT'D),makes the same claim.,21,0.42
741,(CONT'D),"And the next year, and the next.",32,0.64
742,MISS WILLOUGHBY,"- Yes, Lizzie, but--",20,0.4
743,MISS WILLOUGHBY,"- Oh,",5,0.1
744,(CONT'D),"the Docklands Drownings, 2003.",30,0.6
745,(CONT'D),"Five independent witnesses,",27,0.54
746,(CONT'D),all call 999,12,0.24
747,(CONT'D),because they saw a woman,24,0.48
748,(CONT'D),drowning,8,0.16
749,(CONT'D),in the same part,16,0.32
750,(CONT'D),"of the Thames,",14,0.28
751,(CONT'D),but over a six month period.,28,0.56
752,(CONT'D),"The same screams,",17,0.34
753,(CONT'D),"the same clothes,",17,0.34
754,(CONT'D),but no body was ever found and,30,0.6
755,(CONT'D),no missing persons reports and--,32,0.64
756,ROBERT,People drown,12,0.24
757,ROBERT,and are never found.,20,0.4
758,(CONT'D),It happens all the time.,24,0.48
759,MISS WILLOUGHBY,The Enfield Poltergeist.,24,0.48
760,ROBERT,"Ah, I know about that one,",26,0.52
761,ROBERT,"the sisters,",12,0.24
762,(CONT'D),"they were making it up,",23,0.46
763,(CONT'D),weren't they?,13,0.26
764,MISS WILLOUGHBY,"I just, I mean,",15,0.3
765,MISS WILLOUGHBY,"I don't know, at this point. I--",32,0.64
766,(CONT'D),"The Myrtle's Plantation, I--",28,0.56
767,ROBERT,I think you need,16,0.32
768,ROBERT,to take a break.,16,0.32
769,MISS WILLOUGHBY,Yes.,4,0.08
770,(CONT'D),I'm not saying,14,0.28
771,(CONT'D),I believe in ghosts.,20,0.4
772,ROBERT,"So, what are you saying?",24,0.48
773,MISS WILLOUGHBY,I'm saying that the individuals,31,0.62
774,(CONT'D),who witness these events,24,0.48
775,(CONT'D),do believe in them.,19,0.38
776,(CONT'D),"All sane, rational people,",26,0.52
777,(CONT'D),and they may be mistaken,24,0.48
778,(CONT'D),and there's,11,0.22
779,(CONT'D),"a logical explanation, but…",27,0.54
780,(CONT'D),they're not lying.,18,0.36
781,ROBERT,And is that what,16,0.32
782,ROBERT,you're going to say to Helen?,29,0.58
783,ROBERT,If she thinks she is being,26,0.52
784,ROBERT,"haunted by Ronald, then she is?",31,0.62
785,MISS WILLOUGHBY,"No, of course not.",18,0.36
786,(CONT'D),"It's just,",10,0.2
787,(CONT'D),"after reading all this bunkum,",30,0.6
788,(CONT'D),it's made me even more,22,0.44
789,(CONT'D),determined to find an answer.,29,0.58
790,(CONT'D),I'm not going to let it,23,0.46
791,(CONT'D),get the better of me.,21,0.42
792,ROBERT,That's my girl.,15,0.3
793,(CONT'D),You're going,12,0.24
794,(CONT'D),to want to finish that.,23,0.46
795,ROBERT,"Where are you taking me,",24,0.48
796,ROBERT,Lizzie?,7,0.14
797,(CONT'D),They're rerunning Heroes of,27,0.54
798,(CONT'D),"Telemark for the umpteenth time,",32,0.64
799,(CONT'D),yet I am,8,0.16
800,(CONT'D),still eager to watch it.,24,0.48
801,ROBERT,- I've made you an appointment.,31,0.62
802,ROBERT,- With whom?,12,0.24
803,MISS WILLOUGHBY,Dr. Gaya Shirani.,17,0.34
804,ROBERT,You stole her boyfriend.,24,0.48
805,THE ROBERT,- She set fire to my lab-coat.,30,0.6
806,THE ROBERT,"- And why, exactly,",19,0.38
807,__VOICEOVER,do I have an appointment,24,0.48
808,__VOICEOVER,with the pyromaniac?,20,0.4
809,MISS WILLOUGHBY,"Because, Robert,",16,0.32
810,MISS WILLOUGHBY,you've been seeing ghosts.,26,0.52
811,DR. SHIRANI,How long,8,0.16
812,DR. SHIRANI,have you been experiencing,26,0.52
813,DR. SHIRANI,"these apparitions, Mr. Thompson?",32,0.64
814,ROBERT,Over the past several months.,29,0.58
815,ROBERT,They just… pop up,17,0.34
816,ROBERT,when I least expect it.,23,0.46
817,DR. SHIRANI,And has this ever,17,0.34
818,DR. SHIRANI,happened before?,16,0.32
819,ROBERT,"Good God, no.",13,0.26
820,DR. SHIRANI,And have you suffered a trauma,30,0.6
821,DR. SHIRANI,recently or aggrievement?,25,0.5
822,DR. SHIRANI,These events can trigger,24,0.48
823,DR. SHIRANI,huge shifts in the psyche.,26,0.52
824,ROBERT,Nothing comes to mind.,22,0.44
825,DR. SHIRANI,I think you'd remember.,23,0.46
826,ROBERT,Yes.,4,0.08
827,ROBERT,"Of course, no.",14,0.28
828,ROBERT,No trauma.,10,0.2
829,ROBERT,My doctor did give me,21,0.42
830,ROBERT,"some pills recently and, um,",28,0.56
831,ROBERT,I think they might,18,0.36
832,ROBERT,be making it worse.,19,0.38
833,ROBERT,"Could they do that, you think?",30,0.6
834,ROBERT,Could they be giving me,23,0.46
835,ROBERT,"hallucinations, for example?",28,0.56
836,DR. SHIRANI,Is that what's happening?,25,0.5
837,ROBERT,"Yes, all the time.",18,0.36
838,DR. SHIRANI,What were you prescribed?,25,0.5
839,ROBERT,Um.,3,0.06
840,ROBERT,Yeah.,5,0.1
841,ROBERT,"It's, uh, hang on.",18,0.36
842,ROBERT,It's pro--,10,0.2
843,ROBERT,"pro, yeah, Propram--",20,0.4
844,ROBERT,Propranolol.,12,0.24
845,DR. SHIRANI,"It's a beta blocker,",20,0.4
846,DR. SHIRANI,often prescribed,16,0.32
847,DR. SHIRANI,"for panic attacks,",18,0.36
848,DR. SHIRANI,but it rarely causes,20,0.4
849,DR. SHIRANI,hallucinations or,17,0.34
850,DR. SHIRANI,any kind of delusional behavior.,32,0.64
851,DR. SHIRANI,"What was his name, by the way?",30,0.6
852,SHIRANI,- Who?,6,0.12
853,SHIRANI,- Your doctor.,14,0.28
854,ROBERT,Foster.,7,0.14
855,DR. SHIRANI,Dr. Foster?,11,0.22
856,DR. SHIRANI,Was he in Gloucester,20,0.4
857,DR. SHIRANI,by any chance?,14,0.28
858,ROBERT,"Yes, do you know him?",21,0.42
859,DR. SHIRANI,"Of course,",10,0.2
860,DR. SHIRANI,having said that Propranolol,28,0.56
861,DR. SHIRANI,is unlikely,11,0.22
862,DR. SHIRANI,"to cause delusions,",19,0.38
863,DR. SHIRANI,there's always,14,0.28
864,DR. SHIRANI,the exception to the rule.,26,0.52
865,ROBERT,Hm.,3,0.06
866,DR. SHIRANI,Tell me more about Dr. Foster.,30,0.6
867,ROBERT,"Well, there's really",20,0.4
868,ROBERT,nothing much to say.,20,0.4
869,DR. SHIRANI,Then tell me about yourself.,28,0.56
870,DR. SHIRANI,Your childhood.,15,0.3
871,ROBERT,"Oh, you don't want",18,0.36
872,ROBERT,to hear about that.,19,0.38
873,DR. SHIRANI,I do.,5,0.1
874,ROBERT,"Well, it was, uh…",17,0.34
875,ROBERT,a perfectly normal childhood.,29,0.58
876,ROBERT,It was a happy childhood.,25,0.5
877,THEN DR. SHIRANI,- I laughed a lot.,18,0.36
878,THEN DR. SHIRANI,- Brothers and sisters?,23,0.46
879,SHIRANI,- I was an only child.,22,0.44
880,SHIRANI,- And yet you laughed a lot?,28,0.56
881,ROBERT,With my dog.,12,0.24
882,ROBERT,I had a dog.,12,0.24
883,ROBERT,He made me laugh.,17,0.34
884,ROBERT,"Heh, it was a great dog.",24,0.48
885,ROBERT,- Was your dog your only friend?,32,0.64
886,ROBERT,- No.,5,0.1
887,ROBERT,Yes.,4,0.08
888,ROBERT,"Yes, I suppose, he was.",23,0.46
889,ROBERT,"You know, I don't really see",28,0.56
890,ROBERT,what this has to do with,24,0.48
891,ROBERT,"my seeing ghosts,",17,0.34
892,ROBERT,I mean this was 50 years ago.,29,0.58
893,DR. SHIRANI,Our childhoods mold our lives.,30,0.6
894,DR. SHIRANI,The seeds of psychosis are,26,0.52
895,DR. SHIRANI,planted when we are very young.,31,0.62
896,DR. SHIRANI,"Tell me, did you have",21,0.42
897,SHIRANI,- Doesn't everybody?,20,0.4
898,SHIRANI,- I didn't.,11,0.22
899,DR. SHIRANI,Tell me about yours.,20,0.4
900,ROBERT,Her name was Betty.,19,0.38
901,DR. SHIRANI,And do you miss her?,20,0.4
902,SHIRANI,"- No, of course not.",20,0.4
903,SHIRANI,- Is it Betty you see?,22,0.44
904,__VOICEOVER,"No, no, I haven't seen her",26,0.52
905,__VOICEOVER,or thought about Betty in years.,32,0.64
906,DR. SHIRANI,And how does it feel,20,0.4
907,DR. SHIRANI,to be talking about her now?,28,0.56
908,ROBERT,"It feels rather wonderful,",26,0.52
909,ROBERT,actually.,9,0.18
910,SHIRANI,- Hah.,6,0.12
911,SHIRANI,"- You see,",10,0.2
912,DR. SHIRANI,now we're getting somewhere.,28,0.56
913,MISS WILLOUGHBY,"No, thank you,",14,0.28
914,(CONT'D),"I know, bit of an odd request",29,0.58
915,(CONT'D),but you've been very helpful.,29,0.58
916,(CONT'D),Who knew the art of perfumery,29,0.58
917,(CONT'D),was so involved?,16,0.32
918,(CONT'D),"Yes, thank you again, goodbye.",30,0.6
919,MISS WILLOUGHBY,"Hello, again.",13,0.26
920,MISS WILLOUGHBY,- Ms. Willoughby.,17,0.34
921,MISS WILLOUGHBY,"- Don't mind, do you?",21,0.42
922,SARAH,"I'm sorry,",10,0.2
923,SARAH,this really is too much.,24,0.48
924,(CONT'D),I come in here for,18,0.36
925,(CONT'D),my daily dose of me time.,25,0.5
926,MISS WILLOUGHBY,"Uh, yes. You seem to be",23,0.46
927,(CONT'D),somewhat of a regular,21,0.42
928,(CONT'D),at the bookshop.,16,0.32
929,SARAH,"I suppose I am,",15,0.3
930,(CONT'D),"and of course,",14,0.28
931,(CONT'D),the book club meets there.,26,0.52
932,(CONT'D),It's one of Helen's,19,0.38
933,(CONT'D),"attempts to stay afloat,",24,0.48
934,(CONT'D),sort of a mixed bunch.,22,0.44
935,(CONT'D),Rather too,10,0.2
936,(CONT'D),"much alcohol is involved,",25,0.5
937,__VOICEOVER,but it does one good,20,0.4
938,__VOICEOVER,to flex one's critical muscles.,31,0.62
939,MISS WILLOUGHBY,"Yes, I'm sure.",14,0.28
940,(CONT'D),"Um, considering what",20,0.4
941,(CONT'D),"happened yesterday,",19,0.38
942,(CONT'D),have you seen anything unusual,30,0.6
943,(CONT'D),or different recently?,22,0.44
944,(CONT'D),In York?,8,0.16
945,(CONT'D),Or in the bookshop?,19,0.38
946,(CONT'D),No.,3,0.06
947,(CONT'D),"It's as dead as it always is,",29,0.58
948,(CONT'D),like God.,9,0.18
949,MISS WILLOUGHBY,It was just a thought.,22,0.44
950,__VOICEOVER,"- Of course,",12,0.24
951,(CONT'D),Helen isn't without some stress,31,0.62
952,(CONT'D),in her life,11,0.22
953,(CONT'D),on top of the book shop.,24,0.48
954,MISS WILLOUGHBY,I'm sorry?,10,0.2
955,SARAH,There's talk that she's,23,0.46
956,SARAH,being pressured into,20,0.4
957,(CONT'D),selling their house.,20,0.4
958,(CONT'D),"It's her family's, you know?",28,0.56
959,MISS WILLOUGHBY,"Yes, it's",9,0.18
960,MISS WILLOUGHBY,been there for generations.,27,0.54
961,SARAH,"Well, I wouldn't know about that",32,0.64
962,SARAH,"but I'd heard, God knows where,",31,0.62
963,__VOICEOVER,is offering her silly money.,28,0.56
964,MISS WILLOUGHBY,You don't happen to know,24,0.48
965,MISS WILLOUGHBY,the name of this developer?,27,0.54
966,DIANA,- Ch--,6,0.12
967,DIANA,- Charles Vaines.,17,0.34
968,(CONT'D),"Sorry,",6,0.12
969,(CONT'D),I couldn't help myself.,23,0.46
970,(CONT'D),Diana Branson.,14,0.28
971,(CONT'D),"No relation,",12,0.24
972,(CONT'D),and I know who you are.,23,0.46
973,(CONT'D),Has Sarah been telling you,26,0.52
974,(CONT'D),"Oh, you should ask",18,0.36
975,(CONT'D),Elizabeth to read it.,21,0.42
976,MISS WILLOUGHBY,I'm sorry.,10,0.2
977,(CONT'D),Charles Vaines has been,23,0.46
978,(CONT'D),putting pressure on Helen?,26,0.52
979,DIANA,"Oh, he's been",13,0.26
980,DIANA,hounding her for months.,24,0.48
981,(CONT'D),Very stressful for her.,23,0.46
982,(CONT'D),I'm sure,8,0.16
983,(CONT'D),it's not helping anything.,26,0.52
984,(CONT'D),"In fact, everything could",25,0.5
985,(CONT'D),"be his fault, don't you think?",30,0.6
986,(CONT'D),Should we blame him?,20,0.4
987,MISS WILLOUGHBY,"I mean, knowing Charles Vaines,",31,0.62
988,MISS WILLOUGHBY,I wouldn't be at all surprised.,31,0.62
989,DIANA,Poor Helen.,11,0.22
990,(CONT'D),She's such a free spirit.,25,0.5
991,(CONT'D),Such an old and wise soul.,26,0.52
992,(CONT'D),The Charles Vaines of this life,31,0.62
993,(CONT'D),must be something of,20,0.4
994,(CONT'D),a shock for her.,16,0.32
995,(CONT'D),It's no wonder she's,20,0.4
996,(CONT'D),"falling apart, really, is it?",29,0.58
997,TITLE),Charles Vaines,14,0.28
998,TITLE),Managing Director,17,0.34
999,WILLOUGHBY),- Mr. Vaines.,13,0.26
1000,WILLOUGHBY),"- You can speak to my secretary,",32,0.64
1001,TO CHARLES),- she'll make an appointment.,29,0.58
1002,TO CHARLES),- This won't take long.,23,0.46
1003,CHARLES,"Ah. Ms. Willoughby,",19,0.38
1004,CHARLES,how lovely to see you again.,28,0.56
1005,(CONT'D),You look a bit hot and bothered.,32,0.64
1006,(CONT'D),You can't,9,0.18
1007,(CONT'D),still be angry with me.,23,0.46
1008,MISS WILLOUGHBY,A row of 16th century,21,0.42
1009,MISS WILLOUGHBY,tiled cottages converted,24,0.48
1010,(CONT'D),into a health spa aimed at,26,0.52
1011,(CONT'D),"a celebrity market,",19,0.38
1012,(CONT'D),of course,9,0.18
1013,(CONT'D),I'm still angry at you.,23,0.46
1014,CHARLES,"Well, at least we can pretend to be civil.",42,0.84
1015,MISS WILLOUGHBY,Why are you pressuring,22,0.44
1016,MISS WILLOUGHBY,Helen Deakin,12,0.24
1017,(CONT'D),to sell her father's estate?,28,0.56
1018,(CONT'D),It's been in her family,23,0.46
1019,(CONT'D),for generations.,16,0.32
1020,CHARLES,Not everyone can afford,23,0.46
1021,CHARLES,the luxury of sentimentality,28,0.56
1022,(CONT'D),when it comes to paying the bills.,34,0.68
1023,MISS WILLOUGHBY,What are your plans for it?,27,0.54
1024,CHARLES,Green Acres Golf Course and Spa.,32,0.64
1025,THE CHARLES,- Another spa?,14,0.28
1026,THE CHARLES,- That house,12,0.24
1027,(CONT'D),is falling apart,16,0.32
1028,(CONT'D),"around their ears,",18,0.36
1029,(CONT'D),coupled with that hemorrhaging,30,0.6
1030,(CONT'D),albatross of a business.,24,0.48
1031,(CONT'D),They'll soon be begging me,26,0.52
1032,(CONT'D),to take it off their hands.,27,0.54
1033,MISS WILLOUGHBY,Helen Deakin,12,0.24
1034,MISS WILLOUGHBY,does not want your money,24,0.48
1035,(CONT'D),and no amount of bullying,25,0.5
1036,(CONT'D),is going to make her,20,0.4
1037,(CONT'D),change her mind.,16,0.32
1038,CHARLES,Bravo.,6,0.12
1039,CHARLES,Fabulous.,9,0.18
1040,(CONT'D),"You quite made my day,",22,0.44
1041,(CONT'D),but I will get my hands,23,0.46
1042,(CONT'D),"on that property,",17,0.34
1043,(CONT'D),histrionics or no histrionics.,30,0.6
1044,(CONT'D),I'll send you,13,0.26
1045,(CONT'D),a voucher for a facial.,23,0.46
1046,(CONT'D),You can bring a friend.,23,0.46
1047,WILLOUGHBY),Elizabeth.,10,0.2
1048,ROBERT),- Vernon.,9,0.18
1049,ROBERT),"- Robert, you made it in time.",30,0.6
1050,ROBERT,- I take it everybody's met?,28,0.56
1051,ROBERT,- Yes.,6,0.12
1052,ROBERT,What is that?,13,0.26
1053,PROFESSOR MURRAY,It's an Electromagnetic Field Meter.,36,0.72
1054,PROFESSOR MURRAY,It detects objects,18,0.36
1055,PROFESSOR MURRAY,that move with electricity.,27,0.54
1056,OLIVER,"Wait, do ghosts move",20,0.4
1057,OLIVER,with electricity?,17,0.34
1058,PROFESSOR MURRAY,"Well, by way",12,0.24
1059,PROFESSOR MURRAY,"of electrical field, yes.",25,0.5
1060,(CONT'D),Possibly.,9,0.18
1061,(CONT'D),It all comes under the banner,29,0.58
1062,__VOICEOVER,of Morphic resonance.,21,0.42
1063,(CONT'D),It's a fascinating hypothesis,29,0.58
1064,(CONT'D),if you've got a minute.,23,0.46
1065,MURRAY),"Uh, not now, Vernon.",20,0.4
1066,PROFESSOR MURRAY,"Well, ah, so, I shall use",25,0.5
1067,PROFESSOR MURRAY,the recording equipment,23,0.46
1068,(CONT'D),to capture any,14,0.28
1069,(CONT'D),electronic voice phenomena.,27,0.54
1070,THEN PROFESSOR MURRAY,- Of course you will.,21,0.42
1071,THEN PROFESSOR MURRAY,"- Well, I think that's it.",26,0.52
1072,(CONT'D),"I think we're all set,",22,0.44
1073,(CONT'D),and we'll start where,21,0.42
1074,(CONT'D),you first sensed something.,27,0.54
1075,(CONT'D),If you wouldn't mind observing,30,0.6
1076,(CONT'D),"from there, thank you.",22,0.44
1077,MISS WILLOUGHBY,"So, how was the charming Gaya?",30,0.6
1078,ROBERT,"Oh, absolutely delightful,",26,0.52
1079,ROBERT,we had a wonderful time.,24,0.48
1080,(CONT'D),"Yes, she is still crippled",26,0.52
1081,(CONT'D),by your treachery,17,0.34
1082,(CONT'D),and your betrayal,17,0.34
1083,(CONT'D),"of the sisterhood,",18,0.36
1084,ROBERT,but she's not going,19,0.38
1085,ROBERT,to let that stand in her way.,29,0.58
1086,MISS WILLOUGHBY,What did she say,16,0.32
1087,MISS WILLOUGHBY,about the medication?,21,0.42
1088,ROBERT,She did mention,15,0.3
1089,ROBERT,post-traumatic psychosis.,25,0.5
1090,MISS WILLOUGHBY,- I think that's a non-starter.,31,0.62
1091,MISS WILLOUGHBY,- Yeah.,7,0.14
1092,OLIVER,You shouldn't really,20,0.4
1093,OLIVER,"be encouraging this, Lizzie.",28,0.56
1094,ROBERT,I completely agree.,19,0.38
1095,MISS WILLOUGHBY,"Oh come on, aren't you",22,0.44
1096,MISS WILLOUGHBY,just a little bit intrigued?,28,0.56
1097,HELEN,I think it was round about here.,32,0.64
1098,MISS WILLOUGHBY,I hear Charles Vaines,21,0.42
1099,MISS WILLOUGHBY,has been snooping around.,25,0.5
1100,OLIVER,Hm. Helen won't sell.,21,0.42
1101,OLIVER,"I pleaded with her,",19,0.38
1102,OLIVER,but she just won't.,19,0.38
1103,OLIVER,Sorry.,6,0.12
1104,PROFESSOR MURRAY,Please?,7,0.14
1105,HELEN,I don't want to go on.,22,0.44
1106,PROFESSOR MURRAY,"Just a little bit farther, please.",34,0.68
1107,(CONT'D),"Alright, you can return.",24,0.48
1108,MURRAY),- Did you get anything?,23,0.46
1109,MISS WILLOUGHBY,"- Bit of a washout, I'd say.",28,0.56
1110,MISS WILLOUGHBY,- Shh.,6,0.12
1111,PROFESSOR MURRAY,Let's see what we've got.,25,0.5
1112,HELEN,I don't want to go on.,22,0.44
1113,PROFESSOR MURRAY,"Just a little bit farther, please.",34,0.68
1114,PROFESSOR MURRAY,There!,6,0.12
1115,MURRAY),"No, I, I didn't hear anything.",30,0.6
1116,WILLOUGHBY),"Listen, listen.",15,0.3
1117,HELEN,I don't want to go on.,22,0.44
1118,PROFESSOR MURRAY,"Just a little bit farther, please.",34,0.68
1119,PROFESSOR MURRAY,There!,6,0.12
1120,HELEN,I can hear what it's saying.,28,0.56
1121,MURRAY),- Do you know that voice?,25,0.5
1122,MURRAY),- It's him.,11,0.22
1123,(CONT'D),It's my father.,15,0.3
1124,(CONT'D),I know what he's saying.,24,0.48
1125,MISS WILLOUGHBY,"""Bella.""",8,0.16
1126,MISS WILLOUGHBY,"He's saying ""Oh, Bella.""",24,0.48
1127,RONALD,"Oh, Bella.",10,0.2
1128,WILLOUGHBY),"I'm really, really excited.",27,0.54
1129,WILLOUGHBY) (CONT'D),This is an incredibly,21,0.42
1130,WILLOUGHBY) (CONT'D),strong response!,16,0.32
1131,TO MISS WILLOUGHBY),"- Yes, thank you, Vernon.",25,0.5
1132,TO MISS WILLOUGHBY),- When do you think,19,0.38
1133,WILLOUGHBY) (CONT'D),I could come again?,19,0.38
1134,WILLOUGHBY) (CONT'D),I'd like to bring a colleague.,30,0.6
1135,MURRAY),"Um, I, I don't know.",20,0.4
1136,MURRAY),"I'll see you later, thank you.",30,0.6
1137,ROBERT,"- I, I think we should go, Robert.",34,0.68
1138,ROBERT,- Right.,8,0.16
1139,ROBERT,"Get a good,",11,0.22
1140,ROBERT,stiff drink down you.,21,0.42
1141,__VOICEOVER,- There's the book club,23,0.46
1142,HELEN,"this evening,",13,0.26
1143,HELEN,I can't let them down.,22,0.44
1144,HELEN,To be among friends,19,0.38
1145,HELEN,will do me good.,16,0.32
1146,MISS WILLOUGHBY,"I'll, um,",9,0.18
1147,MISS WILLOUGHBY,"I'll call you tomorrow, okay?",29,0.58
1148,OLIVER,"Yes, thank you, Lizzie…",23,0.46
1149,(CONT'D),I think.,8,0.16
1150,MISS WILLOUGHBY,Do you think that was a mistake?,32,0.64
1151,(CONT'D),"Helen wouldn't even look at me,",31,0.62
1152,(CONT'D),did you see that?,17,0.34
1153,(CONT'D),"You felt something, didn't you?",31,0.62
1154,ROBERT,Not sure what I felt.,21,0.42
1155,(CONT'D),"It was pure theater,",20,0.4
1156,(CONT'D),"Lizzie, nothing more.",21,0.42
1157,(CONT'D),"If I felt anything,",19,0.38
1158,(CONT'D),it was because,14,0.28
1159,(CONT'D),I was being manipulated,23,0.46
1160,(CONT'D),by Murray,9,0.18
1161,(CONT'D),by tapping into,15,0.3
1162,(CONT'D),and exploiting some…,20,0.4
1163,(CONT'D),latent fear,11,0.22
1164,(CONT'D),that we all share.,18,0.36
1165,(CONT'D),"Are you listening to me, Lizzie?",32,0.64
1166,MISS WILLOUGHBY,"Oh, I'm sorry.",14,0.28
1167,__VOICEOVER,"Uh, why don't you take",22,0.44
1168,__VOICEOVER,the car and go home?,20,0.4
1169,(CONT'D),I need to clear my head.,24,0.48
1170,(CONT'D),I'll call Andrew later,22,0.44
1171,(CONT'D),and he can come get me.,23,0.46
1172,ROBERT,"Alright, Lizzie.",16,0.32
1173,(CONT'D),Take your time.,15,0.3
1174,OLIVER,Who the hell is Bella?,22,0.44
1175,HELEN,"That's me, Oliver.",18,0.36
1176,HELEN,"For God's sake, that was",24,0.48
1177,HELEN,"Daddy's name for me, I'm Bella.",31,0.62
1178,OLIVER,How was I supposed to know that?,32,0.64
1179,HELEN,"Oh, it doesn't matter.",22,0.44
1180,OLIVER,Helen.,6,0.12
1181,OLIVER,"Helen, you're not going ahead",29,0.58
1182,OLIVER,with this evening. Why not?,27,0.54
1183,HELEN,It's not as if my dead father's,31,0.62
1184,HELEN,trying to make contact with me.,31,0.62
1185,HELEN,It's not as if,14,0.28
1186,HELEN,"I'm losing my mind, like,",25,0.5
1187,HELEN,unraveling or falling apart,27,0.54
1188,HELEN,or losing my grip or anything.,30,0.6
1189,HELEN,So why not?,11,0.22
1190,HELEN,May as well carry on,20,0.4
1191,HELEN,as if nothing's wrong,21,0.42
1192,HELEN,and your wife isn't a lunatic,29,0.58
1193,HELEN,"with unresolved daddy issues,",29,0.58
1194,HELEN,"because, admit it,",18,0.36
1195,HELEN,it's what you are really thinking.,34,0.68
1196,TITLE),minster,7,0.14
1197,SARAH,"- ""Hotel by the Shore.""",23,0.46
1198,(CONT'D),Diana's choice.,15,0.3
1199,(CONT'D),"Such a very slim volume,",24,0.48
1200,(CONT'D),not really to my liking.,24,0.48
1201,(CONT'D),I find extra-marital,20,0.4
1202,(CONT'D),relationships rather dispirited.,32,0.64
1203,MISS WILLOUGHBY,I thought it was more,21,0.42
1204,MISS WILLOUGHBY,to do with the loneliness,25,0.5
1205,(CONT'D),and futility of being,21,0.42
1206,(CONT'D),a middle-aged woman.,20,0.4
1207,(CONT'D),Why the change in venue?,24,0.48
1208,SARAH,"Oh, isn't it marvelous?",23,0.46
1209,MISS WILLOUGHBY,And what about Helen?,21,0.42
1210,MISS WILLOUGHBY,"She's over there right now,",27,0.54
1211,SARAH,- setting up.,13,0.26
1212,SARAH,- No.,5,0.1
1213,(CONT'D) THEN SARAH,- No. She knew.,15,0.3
1214,(CONT'D) THEN SARAH,"- I thought you'd told her, Diana.",34,0.68
1215,DIANA),- What?,7,0.14
1216,DIANA),"- Well, I thought",17,0.34
1217,SARAH,"you'd spoken to her,",20,0.4
1218,SARAH,it was your idea after all.,27,0.54
1219,__VOICEOVER,"Oh God, I am so sorry.",22,0.44
1220,DIANA,It completely slipped my mind.,30,0.6
1221,MISS WILLOUGHBY,So you just thought,19,0.38
1222,MISS WILLOUGHBY,you'd hijack,12,0.24
1223,(CONT'D),her book club,13,0.26
1224,(CONT'D),without telling her?,20,0.4
1225,DIANA,Hardly hijacking.,17,0.34
1226,DIANA,Slight overdramatisation.,25,0.5
1227,(CONT'D) THEN SARAH,- We just thought--,19,0.38
1228,(CONT'D) THEN SARAH,- You thought.,14,0.28
1229,DIANA,I thought…,10,0.2
1230,DIANA,that with everything,20,0.4
1231,DIANA,"that's going on,",16,0.32
1232,(CONT'D),this was just the last thing,28,0.56
1233,(CONT'D),that Helen needed.,18,0.36
1234,SARAH,She's not well.,15,0.3
1235,SARAH,We worry about her.,19,0.38
1236,DIANA,I worry about her safety.,25,0.5
1237,(CONT'D),I worry about Oliver,20,0.4
1238,(CONT'D),"and his safety too,",19,0.38
1239,(CONT'D),"but you know what she is like,",30,0.6
1240,(CONT'D),Elizabeth.,10,0.2
1241,(CONT'D),She wouldn't dream,18,0.36
1242,(CONT'D),of letting us down.,19,0.38
1243,MISS WILLOUGHBY,It's just a shame,17,0.34
1244,MISS WILLOUGHBY,you didn't bother to tell her.,30,0.6
1245,DIANA,It was a genuine mistake.,25,0.5
1246,(CONT'D),I really don't know why,23,0.46
1247,(CONT'D),you're making such a fuss.,26,0.52
1248,MISS WILLOUGHBY,You've got something,20,0.4
1249,MISS WILLOUGHBY,green stuck in your teeth.,26,0.52
1250,SARAH,"Yeah, it is right there,",24,0.48
1251,SARAH,"love, yeah.",11,0.22
1252,__VOICEOVER,You've got something.,21,0.42
1253,ANDREW,"Goodnight,",10,0.2
1254,ANDREW,Ms. Willoughby.,15,0.3
1255,ROBERT,"Thank you, Andrew.",18,0.36
1256,ROBERT,Goodnight.,10,0.2
1257,MISS WILLOUGHBY,"Not for me,",11,0.22
1258,MISS WILLOUGHBY,thank you.,10,0.2
1259,ROBERT,You're letting all this,23,0.46
1260,ROBERT,mumbo jumbo get to you.,23,0.46
1261,MISS WILLOUGHBY,You're probably right.,22,0.44
1262,(CONT'D),"Eh, but listen to this",22,0.44
1263,(CONT'D),and tell me you can't hear it.,30,0.6
1264,HELEN,I don't want to go on.,22,0.44
1265,PROFESSOR MURRAY,"Just a little bit farther, please.",34,0.68
1266,ROBERT,What do you want to achieve?,28,0.56
1267,MISS WILLOUGHBY,I want to hear it again.,24,0.48
1268,MISS WILLOUGHBY,It was so clear in the shop.,28,0.56
1269,ROBERT,You heard,9,0.18
1270,ROBERT,what you wanted to hear.,24,0.48
1271,(CONT'D),So did Helen.,13,0.26
1272,MISS WILLOUGHBY,That's the point.,17,0.34
1273,(CONT'D),I don't want to hear it.,24,0.48
1274,(CONT'D),I don't want it to be true.,27,0.54
1275,(CONT'D),I don't want it to be,21,0.42
1276,(CONT'D),the ghost of Helen's father.,28,0.56
1277,ROBERT,I don't understand.,19,0.38
1278,MISS WILLOUGHBY,Because…,8,0.16
1279,(CONT'D),because if it is…,17,0.34
1280,(CONT'D),then…,5,0.1
1281,(CONT'D),then why haven't Mummy,22,0.44
1282,(CONT'D),and Daddy ever come to see me?,30,0.6
1283,ROBERT,Lizzie.,7,0.14
1284,(CONT'D),There's nothing here.,21,0.42
1285,(CONT'D),"What you thought you heard,",27,0.54
1286,(CONT'D),"what we all felt,",17,0.34
1287,(CONT'D),it's just a flimflam.,21,0.42
1288,(CONT'D),"Pepper's ghost,",15,0.3
1289,(CONT'D),"with Murray as the Wizard of Oz,",32,0.64
1290,(CONT'D),pulling his levers,18,0.36
1291,(CONT'D),and fiddling with his dials.,28,0.56
1292,MISS WILLOUGHBY,Can you be absolutely certain?,30,0.6
1293,ROBERT,The only think I can,20,0.4
1294,ROBERT,be absolutely certain of,24,0.48
1295,(CONT'D),"is that Helen is a wonderful,",29,0.58
1296,(CONT'D),"lovely woman, who is…",21,0.42
1297,(CONT'D),not well.,9,0.18
1298,(CONT'D),The kindest thing to do,23,0.46
1299,(CONT'D),is take a step back,19,0.38
1300,(CONT'D),and let Oliver get her,22,0.44
1301,(CONT'D),the help she needs.,19,0.38
1302,(CONT'D),I'll see you in the morning.,28,0.56
1303,(CONT'D),Lizzie.,7,0.14
1304,(CONT'D),You parents loved you.,22,0.44
1305,(CONT'D),"They loved you very, very much.",31,0.62
1306,HELEN,Oliver?,7,0.14
1307,HELEN,Oliver?,7,0.14
1308,HELEN,Oliver?,7,0.14
1309,OLIVER),- Helen?,8,0.16
1310,OLIVER),-Did you hear the piano?,24,0.48
1311,__VOICEOVER,Just now?,9,0.18
1312,OLIVER,I'm just grabbing,17,0.34
1313,OLIVER,a glass of water.,17,0.34
1314,HELEN),- He's here!,12,0.24
1315,HELEN,My father! He's here.,21,0.42
1316,HELEN,Do you hear that?,17,0.34
1317,OLIVER),- What?,7,0.14
1318,OLIVER),- The piano!,12,0.24
1319,OLIVER,I can't hear it.,16,0.32
1320,OLIVER,"Anything, I can't hear it.",26,0.52
1321,HELEN,- For God's sake!,17,0.34
1322,HELEN,"- Please, let me go!",20,0.4
1323,OLIVER,"No! There's no one here,",24,0.48
1324,OLIVER,"Helen, I promise you!",21,0.42
1325,OLIVER,There's nothing to be afraid of.,32,0.64
1326,HELEN),"- Let me go, Oliver! Let me go!",31,0.62
1327,HELEN),- Listen to me!,15,0.3
1328,MISS WILLOUGHBY,Hello?,6,0.12
1329,HELEN,- Helen?,8,0.16
1330,HELEN,- He's here!,12,0.24
1331,OLIVER,Will you listen?!,17,0.34
1332,MISS WILLOUGHBY,Helen!,6,0.12
1333,MISS WILLOUGHBY,- Helen!,8,0.16
1334,MISS WILLOUGHBY,- Oliver!,9,0.18
1335,OLIVER),Somebody pick up the phone!,27,0.54
1336,MISS WILLOUGHBY,"Andrew,",7,0.14
1337,MISS WILLOUGHBY,I'm sorry to wake you,21,0.42
1338,(CONT'D),but I need the car brought,26,0.52
1339,(CONT'D),'round immediately.,19,0.38
1340,ROBERT,"Are you sure about this, Lizzie?",32,0.64
1341,ROBERT,- You didn't hear them.,23,0.46
1342,ROBERT,- I don't think turning up,26,0.52
1343,TO ROBERT),- half-handed is the answer.,28,0.56
1344,TO ROBERT),- She said her father was there.,32,0.64
1345,MISS WILLOUGHBY,- Sounds like she's hysterical.,31,0.62
1346,MISS WILLOUGHBY,- She wasn't.,13,0.26
1347,(CONT'D),It was just when Oliver,23,0.46
1348,(CONT'D),got the phone it all kicked off.,32,0.64
1349,MISS WILLOUGHBY,- Do you think I should drive?,30,0.6
1350,MISS WILLOUGHBY,- Do you want to drive?,23,0.46
1351,MISS WILLOUGHBY,- Yes!,6,0.12
1352,MISS WILLOUGHBY,"- Don't be ridiculous,",22,0.44
1353,(CONT'D),I've got my advanced driver's,29,0.58
1354,(CONT'D),"certificate, get in the car.",28,0.56
1355,ROBERT,Lizzie!,7,0.14
1356,(CONT'D),He's still breathing.,21,0.42
1357,ROBERT,Oliver. Oliver!,15,0.3
1358,D.I. PRYCE,It was like this,16,0.32
1359,D.I. PRYCE,when you arrived?,17,0.34
1360,TO D.I. PRYCE),- Lizzie?,9,0.18
1361,TO D.I. PRYCE),- What? Sorry!,14,0.28
1362,D.I. PRYCE,The front door was open,23,0.46
1363,D.I. PRYCE,and Mr. Deakin unconscious…,27,0.54
1364,ROBERT,"I found him there, yes.",23,0.46
1365,D.I. PRYCE,And you heard Mrs. Deakin,25,0.5
1366,D.I. PRYCE,attack her husband?,19,0.38
1367,MISS WILLOUGHBY,"Well, I don't know what I heard.",32,0.64
1368,D.I. PRYCE,Mr. Deakin said it was his wife.,32,0.64
1369,MISS WILLOUGHBY,She's been under an awful lot,29,0.58
1370,MISS WILLOUGHBY,of stress recently.,19,0.38
1371,D.I. PRYCE,And there's no sign of her.,27,0.54
1372,MISS WILLOUGHBY,No. Both cards are still here,29,0.58
1373,MISS WILLOUGHBY,so she's on foot.,17,0.34
1374,D.I. PRYCE,"I hate to say it,",17,0.34
1375,D.I. PRYCE,"Elizabeth,",10,0.2
1376,(CONT'D),"but you are a trouble magnet,",29,0.58
1377,(CONT'D),aren't you?,11,0.22
1378,__VOICEOVER,That is exactly what,20,0.4
1379,__VOICEOVER,"I keep telling her, Jimmy.",26,0.52
1380,ROBERT,What did I do?,14,0.28
1381,MISS WILLOUGHBY,She probably ran into the woods.,32,0.64
1382,PRYCE),- And what makes you think that?,32,0.64
1383,PRYCE),"- Well, there's only",20,0.4
1384,(CONT'D),one track out of here,21,0.42
1385,(CONT'D),"and none of us saw her,",23,0.46
1386,(CONT'D),and Helen knows these woods,27,0.54
1387,(CONT'D),like the back of her hand.,26,0.52
1388,ROBERT,Oliver said she's wearing,25,0.5
1389,ROBERT,a blue tartan dressing gown,27,0.54
1390,(CONT'D),with slippers.,14,0.28
1391,(CONT'D),"It's a full moon,",17,0.34
1392,(CONT'D),should make it,14,0.28
1393,(CONT'D),easier to find her.,19,0.38
1394,MISS WILLOUGHBY,"Okay, well you stay here",24,0.48
1395,MISS WILLOUGHBY,in case she doubles back.,25,0.5
1396,__VOICEOVER,- I'll go with Jimmy.,21,0.42
1397,__VOICEOVER,"- Ah, you and I are going nowhere.",34,0.68
1398,(CONT'D),It's the middle of the night,28,0.56
1399,(CONT'D),and I've only got,17,0.34
1400,PRYCE),- one other officer with me.,28,0.56
1401,PRYCE),"- Well, what time",17,0.34
1402,WILLOUGHBY),- does backup arrive?,21,0.42
1403,WILLOUGHBY),- God knows.,12,0.24
1404,WILLOUGHBY),"- That's not good enough, is it?",32,0.64
1405,WILLOUGHBY),"- It's protocol, Elizabeth.",27,0.54
1406,WILLOUGHBY),- Helen is out there alone.,27,0.54
1407,WILLOUGHBY),"- And we'll find her,",21,0.42
1408,(CONT'D),but we've got to do,19,0.38
1409,(CONT'D),everything by the book.,23,0.46
1410,MISS WILLOUGHBY,You're going to let,19,0.38
1411,MISS WILLOUGHBY,a defenseless member,20,0.4
1412,(CONT'D),"of the public, a woman,",23,0.46
1413,(CONT'D),"and a taxpayer, I might add,",28,0.56
1414,(CONT'D),"go out there,",13,0.26
1415,(CONT'D),"into the impenetrable forest,",29,0.58
1416,(CONT'D),"alone,",6,0.12
1417,(CONT'D),"in the middle of the night,",27,0.54
1418,(CONT'D),with just a torch,17,0.34
1419,(CONT'D),to protect herself?,19,0.38
1420,(CONT'D),Or are you going to start,25,0.5
1421,(CONT'D),acting like a detective?,24,0.48
1422,D.I. PRYCE,"Stay with Deakin, will you?",27,0.54
1423,D.I. PRYCE,Elizabeth's right.,18,0.36
1424,ROBERT,She usually is!,15,0.3
1425,MISS WILLOUGHBY,Helen! Where are you?,21,0.42
1426,D.I. PRYCE,Mrs. Deakin!,12,0.24
1427,__VOICEOVER,Helen!,6,0.12
1428,D.I. PRYCE,Helen!,6,0.12
1429,D.I. PRYCE,Mrs. Deakin!,12,0.24
1430,D.I. PRYCE,Mrs. Deakin!,12,0.24
1431,D.I. PRYCE,Helen?,6,0.12
1432,D.I. PRYCE,Helen Deakin!,13,0.26
1433,MISS WILLOUGHBY,Helen!,6,0.12
1434,(CONT'D),Helen!,6,0.12
1435,D.I. PRYCE,Mrs. Deakin!,12,0.24
1436,D.I. PRYCE,Mrs. Deakin!,12,0.24
1437,MISS WILLOUGHBY,"Jimmy! Jimmy, I found something!",32,0.64
1438,MISS WILLOUGHBY,Helen!,6,0.12
1439,(CONT'D),Helen.,6,0.12
1440,MISS WILLOUGHBY,"Have you done this before, Jimmy?",33,0.66
1441,(CONT'D),Do you think she's down there?,30,0.6
1442,D.I. PRYCE,I'll keep you posted.,21,0.42
1443,ROBERT,Any luck?,9,0.18
1444,MISS WILLOUGHBY,Where's Oliver?,15,0.3
1445,MISS WILLOUGHBY,They took him in the ambulance?,31,0.62
1446,ROBERT,"No, it was just a superficial wound.",36,0.72
1447,(CONT'D),He's asleep upstairs.,21,0.42
1448,MISS WILLOUGHBY,You were right.,15,0.3
1449,ROBERT,About what?,11,0.22
1450,MISS WILLOUGHBY,Helen.,6,0.12
1451,(CONT'D),I should have listened to you.,30,0.6
1452,(CONT'D),She's very ill and I didn't see it,34,0.68
1453,(CONT'D),because I didn't want to.,25,0.5
1454,(CONT'D),I can solve a mystery,21,0.42
1455,(CONT'D),but I can't solve somebody being sick.,38,0.76
1456,(CONT'D),"This is all my fault, Robert,",29,0.58
1457,(CONT'D),me and my ego…,14,0.28
1458,(CONT'D),thinking I know better,22,0.44
1459,(CONT'D),"than everybody else,",20,0.4
1460,(CONT'D),when all I've done,18,0.36
1461,(CONT'D),is make it worse.,17,0.34
1462,ROBERT,Lizzie.,7,0.14
1463,(CONT'D),Don't do this.,14,0.28
1464,(CONT'D),You were just trying to help.,29,0.58
1465,(CONT'D),It's what you always do.,24,0.48
1466,(CONT'D),You can't win every battle.,27,0.54
1467,(CONT'D),How many times,14,0.28
1468,(CONT'D),have I told you that?,21,0.42
1469,MISS WILLOUGHBY,Too many.,9,0.18
1470,ROBERT,I'll go up and check on Oliver.,31,0.62
1471,MAN,Ma'am.,6,0.12
1472,ROBERT,Lizzie.,7,0.14
1473,(CONT'D),He's out like a light.,22,0.44
1474,(CONT'D),You look like you,17,0.34
1475,(CONT'D),could use some rest.,20,0.4
1476,MISS WILLOUGHBY,"I'm fine, honestly.",19,0.38
1477,ROBERT,I'm not taking no for an answer.,32,0.64
1478,(CONT'D),Come on. You can curl up,24,0.48
1479,(CONT'D),in one of their spare bedrooms.,31,0.62
1480,(CONT'D),I will wake you,15,0.3
1481,(CONT'D),if there's any news.,20,0.4
1482,OLIVER,I know.,7,0.14
1483,OLIVER,"I know, yes.",12,0.24
1484,OLIVER,They're searching the lake.,27,0.54
1485,OLIVER,"I know, you were right.",23,0.46
1486,MISS WILLOUGHBY,- Lizzie.,9,0.18
1487,MISS WILLOUGHBY,- Sorry. I'm just gonna…,24,0.48
1488,WILLOUGHBY),put my head down for a minute.,30,0.6
1489,WILLOUGHBY),"Yes, yes, of course,",20,0.4
1490,(CONT'D),of course.,10,0.2
1491,OLIVER,"""They're searching the lake.",28,0.56
1492,[VO]),"You were right.""",16,0.32
1493,ROBERT,"Lizzie, wake up.",16,0.32
1494,(CONT'D),They found something.,21,0.42
1495,OLIVER,"I can't do this, Lizzie.",24,0.48
1496,MISS WILLOUGHBY,It's okay. You stay with Robert.,32,0.64
1497,MISS WILLOUGHBY,Do you think it's her?,22,0.44
1498,D.I. PRYCE,We don't know.,14,0.28
1499,D.I. PRYCE,Are you sure you want,21,0.42
1500,D.I. PRYCE,to do this?,11,0.22
1501,MISS WILLOUGHBY,Hm.,3,0.06
1502,D.I. PRYCE,"Call the coroner, please.",25,0.5
1503,D.I. PRYCE,Tell her it's not Helen Deakin.,31,0.62
1504,__VOICEOVER,Tell her we've got another,26,0.52
1505,__VOICEOVER,"corpse on our hand,",19,0.38
1506,D.I. PRYCE,looks like,10,0.2
1507,D.I. PRYCE,he's been down there a while.,29,0.58
1508,WILLOUGHBY),- What now?,11,0.22
1509,WILLOUGHBY),- We keep looking.,18,0.36
1510,MISS WILLOUGHBY,What are the odds of you,24,0.48
1511,MISS WILLOUGHBY,finding another body down there?,32,0.64
1512,D.I. PRYCE,Extraordinary.,14,0.28
1513,(CONT'D),"Bodies aren't like London buses,",32,0.64
1514,(CONT'D),they don't come all at once.,28,0.56
1515,OFFICER,The coroner would like a word.,30,0.6
1516,__VOICEOVER,Excuse me.,10,0.2
1517,OLIVER,I can't believe it.,19,0.38
1518,OLIVER,I convinced myself it was her.,30,0.6
1519,MISS WILLOUGHBY,"No, it's, it's been",19,0.38
1520,MISS WILLOUGHBY,"down there a few years,",23,0.46
1521,(CONT'D),by the looks of things.,23,0.46
1522,ROBERT,"Well, then this is good news.",29,0.58
1523,OLIVER,"Yes, yes I know. Um…",20,0.4
1524,OLIVER,"I'm going back to the house,",28,0.56
1525,OLIVER,I can't go through that again.,30,0.6
1526,OLIVER,"- Well, we'll come with you.",28,0.56
1527,OLIVER,"- No, no, it's alright.",23,0.46
1528,(CONT'D),"I'd rather be on my own, please.",32,0.64
1529,OLIVER,Just leave me alone.,20,0.4
1530,MISS WILLOUGHBY,Very.,5,0.1
1531,(CONT'D),That was Oliver!,16,0.32
1532,ROBERT,Where is he going,17,0.34
1533,ROBERT,in such a hurry?,16,0.32
1534,MISS WILLOUGHBY,"I don't know,",13,0.26
1535,MISS WILLOUGHBY,but I'm going to find out.,26,0.52
1536,(CONT'D),You stay here,13,0.26
1537,(CONT'D),and wait for Pryce.,19,0.38
1539,OLIVER,Willoughby.,11,0.22
1540,(CONT'D),"You caught me,",14,0.28
1541,(CONT'D),got me bang for rights.,23,0.46
1542,(CONT'D),"I'll come peacefully,",21,0.42
1543,(CONT'D),"officer, no need to cuff me.",28,0.56
1544,OLIVER,"- Oliver, what are you doing?",29,0.58
1545,OLIVER,"- I, actually…",14,0.28
1546,__VOICEOVER,"you'll laugh, because I know…",29,0.58
1547,(CONT'D),"this sounds strange, but I…",27,0.54
1548,(CONT'D),I booked Helen a spa day for,28,0.56
1549,(CONT'D),"when she returns because that,",30,0.6
1550,(CONT'D),"that's what she's going to do,",30,0.6
1551,(CONT'D),isn't it?,9,0.18
1552,(CONT'D),"She's going to,",15,0.3
1553,(CONT'D),she's going to come back.,25,0.5
1554,(CONT'D),I realized that when,20,0.4
1555,(CONT'D),"she wasn't in the lake,",23,0.46
1556,(CONT'D),"that she's going to come back,",30,0.6
1557,(CONT'D),"and when she does,",18,0.36
1558,(CONT'D),she'll have a spa day.,22,0.44
1559,(CONT'D),For our wedding anniversary.,28,0.56
1560,MISS WILLOUGHBY,"Oh, I see.",10,0.2
1561,(CONT'D),When is that?,13,0.26
1562,OLIVER,Next month. Why?,16,0.32
1563,MISS WILLOUGHBY,"Oh. August wedding, how lovely.",31,0.62
1564,(CONT'D),"Oliver I,",9,0.18
1565,(CONT'D),I think you should go home.,27,0.54
1566,(CONT'D),"Have something to eat,",22,0.44
1567,(CONT'D),"take a shower,",14,0.28
1568,(CONT'D),wait for D.I. Pryce to update you.,34,0.68
1569,OLIVER,"You're right,",13,0.26
1570,OLIVER,of course you're right.,23,0.46
1571,(CONT'D),"I'm not thinking straight, am I?",32,0.64
1572,(CONT'D),I'll go home now.,17,0.34
1573,(CONT'D),Look at me going home.,22,0.44
1574,MISS WILLOUGHBY,Diana Branson.,14,0.28
1575,MISS WILLOUGHBY,- What about her?,17,0.34
1576,MISS WILLOUGHBY,- Who is she?,13,0.26
1577,SARAH,I'd heard you were,18,0.36
1578,SARAH,the amateur sleuth.,19,0.38
1579,(CONT'D),I'd have thought that,21,0.42
1580,(CONT'D),was basic research.,19,0.38
1581,MISS WILLOUGHBY,But you know everything.,24,0.48
1582,(CONT'D),"Humor me, and I'll read your book.",34,0.68
1583,SARAH,"Born and raised in London,",26,0.52
1584,SARAH,"then Oxford,",12,0.24
1585,(CONT'D),a degree in in something,24,0.48
1586,(CONT'D),pharmacological.,16,0.32
1587,(CONT'D),Oxford's also where,19,0.38
1588,(CONT'D),she met her first husband.,26,0.52
1589,SARAH,- Her first?,12,0.24
1590,SARAH,- There have been four.,23,0.46
1591,(CONT'D),"First one died, choked on",25,0.5
1592,(CONT'D),a salt and vinegar crisp.,25,0.5
1593,(CONT'D),"Second one divorced,",20,0.4
1594,TO SARAH),- third one disappeared.,24,0.48
1595,TO SARAH),- And the fourth?,17,0.34
1596,__VOICEOVER,He was some financial hotshot.,30,0.6
1597,SARAH,- Was?,6,0.12
1598,SARAH,- He died…,10,0.2
1599,(CONT'D),"about a year ago, in prison,",28,0.56
1600,(CONT'D),having been convicted of fraud.,31,0.62
1601,(CONT'D),Diana was also tried,20,0.4
1602,(CONT'D),but got off.,12,0.24
1603,(CONT'D),She lost all her money.,23,0.46
1604,(CONT'D),How she pays for that house,27,0.54
1605,(CONT'D),is anyone's guess.,18,0.36
1606,(CONT'D),As for that ridiculous,22,0.44
1607,(CONT'D),business of hers--,18,0.36
1608,MISS WILLOUGHBY,Thank you.,10,0.2
1609,(CONT'D),"Wait, where do I send my book?",30,0.6
1610,ROBERT,"Lizzie, call me back, please.",29,0.58
1611,(CONT'D),"Oliver's back,",14,0.28
1612,(CONT'D),he is acting oddly.,19,0.38
1613,__VOICEOVER,"Elizabeth, what a surprise.",27,0.54
1614,MISS WILLOUGHBY,May I come in?,14,0.28
1615,SPEAKER,"Yes, of course you can.",23,0.46
1616,(CONT'D),Do you want tea?,16,0.32
1617,(CONT'D),I was just steeping some matcha.,32,0.64
1618,(CONT'D),What do you say?,16,0.32
1619,MISS WILLOUGHBY,"Uh, no thank you, I'm a",23,0.46
1620,MISS WILLOUGHBY,English Breakfast kind of girl.,31,0.62
1621,WILLOUGHBY),- So you know Charles Vaines?,29,0.58
1622,WILLOUGHBY),- Mm-hm.,8,0.16
1623,(CONT'D),Charles and I go back years.,28,0.56
1624,(CONT'D),This house was one of his,25,0.5
1625,(CONT'D),more recent developments.,25,0.5
1626,MISS WILLOUGHBY,You visited him on,18,0.36
1627,MISS WILLOUGHBY,the same day that I did.,24,0.48
1628,(CONT'D),Was it to warm him?,19,0.38
1629,SPEAKER,Have you been following me?,27,0.54
1630,MISS WILLOUGHBY,You left a rather,17,0.34
1631,MISS WILLOUGHBY,juicy calling card.,19,0.38
1632,__VOICEOVER,House like this can't come cheap.,33,0.66
1633,SPEAKER,You have been doing,19,0.38
1634,SPEAKER,your homework.,14,0.28
1635,DIANA,Subject: The Lifetime,21,0.42
1636,DIANA,and Finances of Diana Branson.,30,0.6
1637,MISS WILLOUGHBY,"Oh not really,",14,0.28
1638,MISS WILLOUGHBY,I just had tea with Sarah.,26,0.52
1639,DIANA,Oh.,3,0.06
1640,(CONT'D),"Dear Sarah,",11,0.22
1641,(CONT'D),the eyes and ears of the world.,31,0.62
1642,(CONT'D),Why are you here?,17,0.34
1643,MISS WILLOUGHBY,Helen's missing.,16,0.32
1644,DIANA,Oh.,3,0.06
1645,(CONT'D),That's dreadful.,16,0.32
1646,(CONT'D),Um…,3,0.06
1647,(CONT'D),how's Oliver coping?,20,0.4
1648,MISS WILLOUGHBY,"He's devastated, obviously.",27,0.54
1649,DIANA,"Yes, I can imagine.",19,0.38
1650,(CONT'D),What have the police said?,26,0.52
1651,MISS WILLOUGHBY,Nothing.,8,0.16
1652,DIANA,They haven't found anything?,28,0.56
1653,(CONT'D),"Huh,",4,0.08
1654,(CONT'D),no clues as to,14,0.28
1655,(CONT'D),"her whereabouts,",16,0.32
1656,(CONT'D),isn't that what they say?,25,0.5
1657,MISS WILLOUGHBY,The investigation is ongoing.,29,0.58
1658,MISS WILLOUGHBY,What about me?,14,0.28
1659,DIANA,The word around town is,23,0.46
1660,DIANA,you're quite the detective.,27,0.54
1661,(CONT'D),Since the police,16,0.32
1662,(CONT'D),"are getting nowhere,",20,0.4
1663,(CONT'D),I wondered,10,0.2
1664,(CONT'D),if you had the answer.,22,0.44
1665,MISS WILLOUGHBY,Just another question.,22,0.44
1666,DIANA,Which is?,9,0.18
1667,MISS WILLOUGHBY,How long have you,17,0.34
1668,MISS WILLOUGHBY,an Oliver been having an affair?,32,0.64
1669,DIANA,It's a long story.,18,0.36
1670,DIANA,I've got plenty of time.,24,0.48
1671,DIANA,Why don't you let me,20,0.4
1672,DIANA,go put the kettle on?,21,0.42
1673,(CONT'D),You're sure I can't tempt you?,30,0.6
1674,MISS WILLOUGHBY,No. Thank you.,14,0.28
1675,DIANA,"I don't know about you,",23,0.46
1676,(CONT'D),but I quite fancy a drive.,26,0.52
1677,(CONT'D),What do you think?,18,0.36
1678,MISS WILLOUGHBY,You were in the house,21,0.42
1679,MISS WILLOUGHBY,when Helen disappeared.,23,0.46
1680,DIANA,Stop talking.,13,0.26
1681,DIANA,"I've done this before, you know?",32,0.64
1682,MISS WILLOUGHBY,The third husband?,18,0.36
1683,(CONT'D),"Where is Helen, is she alive?",29,0.58
1684,DIANA,"""Where is Helen?",16,0.32
1685,DIANA,"Is she alive?""",14,0.28
1686,(CONT'D),"Yes, of course she's alive.",27,0.54
1687,(CONT'D),Come on.,8,0.16
1688,(CONT'D),Pretend I'm your best friend.,29,0.58
1689,MISS WILLOUGHBY,Where are we going?,19,0.38
1690,DIANA,Get in.,7,0.14
1691,(CONT'D),Get out. Come on.,17,0.34
1692,(CONT'D),You won't need that.,20,0.4
1693,(CONT'D),"Walk, walk, walk.",17,0.34
1694,(CONT'D),"Here, take these keys.",22,0.44
1695,(CONT'D),The big one.,12,0.24
1696,(CONT'D),Inside.,7,0.14
1697,MISS WILLOUGHBY,Helen!,6,0.12
1698,__VOICEOVER,Get back.,9,0.18
1699,ROBERT,How long until they've finished?,32,0.64
1700,D.I. PRYCE,"24 hours at a guess, 36 tops.",29,0.58
1701,D.I. PRYCE,"After that,",11,0.22
1702,D.I. PRYCE,we'll focus on the moors.,25,0.5
1703,ROBERT,Hm.,3,0.06
1704,ROBERT,"If that's Willoughby,",21,0.42
1705,ROBERT,tell her to call me back.,25,0.5
1706,OLIVER,What is it?,11,0.22
1707,__VOICEOVER,- What?,7,0.14
1708,DIANA,She turned up at the house.,27,0.54
1709,DIANA,My house!,9,0.18
1710,DIANA,She knows about everything.,27,0.54
1711,OLIVER,"Sweetheart, sweetheart,",23,0.46
1712,OLIVER,I can't just leave.,19,0.38
1713,OLIVER,My wife's supposed,18,0.36
1714,OLIVER,"to be missing, remember?",24,0.48
1715,DIANA,This is your mess.,18,0.36
1716,DIANA,Come and clean it up.,21,0.42
1717,OLIVER,"I can't, not right now!",23,0.46
1718,ROBERT,Everything alright?,19,0.38
1719,__VOICEOVER,Yes.,4,0.08
1720,OLIVER,Absolutely.,11,0.22
1721,OLIVER,That was Helen's psychiatrist.,30,0.6
1722,OLIVER,I have to go into town.,23,0.46
1723,ROBERT,Now?,4,0.08
1724,OLIVER,Yes.,4,0.08
1725,OLIVER,"Uh, I want to pick up",21,0.42
1726,OLIVER,Helen's prescription.,21,0.42
1727,OLIVER,"She'll need it when she,",24,0.48
1728,OLIVER,"uh, comes back.",15,0.3
1729,ROBERT,Why didn't you pick it up,25,0.5
1730,ROBERT,earlier when you were in town?,30,0.6
1731,OLIVER,Different direction.,20,0.4
1732,OLIVER,"I, uh, went to fill the car up.",31,0.62
1733,OLIVER,"I have to do something, Robert,",31,0.62
1734,OLIVER,I can't bear all this waiting.,30,0.6
1735,ROBERT,I completely understand.,24,0.48
1736,ROBERT,"Listen, mind if I catch a ride with you?",40,0.8
1737,OLIVER,Hm.,3,0.06
1738,ROBERT,Great.,6,0.12
1739,ROBERT,Willoughby's,12,0.24
1740,ROBERT,"left me high and dry, you know?",31,0.62
1741,ROBERT,"Hey, thanks for this.",21,0.42
1742,ROBERT,Thought you could use,21,0.42
1743,ROBERT,"some company, anyhow.",21,0.42
1744,OLIVER,"Um, actually, actually, uh…",27,0.54
1745,OLIVER,no.,3,0.06
1746,OLIVER,"No, I prefer to be by myself.",29,0.58
1747,ROBERT,"Well, uh, if you're sure.",25,0.5
1748,ROBERT,Drive safe!,11,0.22
1749,ROBERT,"I need to speak to D.I. Pryce,",30,0.6
1750,ROBERT,and I need somebody,19,0.38
1751,ROBERT,to give me ride,15,0.3
1752,ROBERT,back to Willoughby House. Now!,30,0.6
1753,ROBERT,Here it is.,11,0.22
1754,ROBERT,Success!,8,0.16
1755,ROBERT,"Pryce, I have him.",18,0.36
1756,ROBERT,The Howardian Hills.,20,0.4
1757,ROBERT,He's a long way from home.,26,0.52
1758,D.I. PRYCE,"Okay, Robert, direct me.",24,0.48
1759,OLIVE,What a mess.,12,0.24
1760,DIANA,You weren't followed?,21,0.42
1761,OLIVE,No!,3,0.06
1762,OLIVE,They were all,13,0.26
1763,OLIVE,too busy at the lake.,21,0.42
1764,MISS WILLOUGHBY,Oh…,3,0.06
1765,(CONT'D),"oh, Helen!",10,0.2
1766,DIANA,Sweetheart.,11,0.22
1767,DIANA,"I know it's difficult,",22,0.44
1768,DIANA,but you did agree,17,0.34
1769,DIANA,it was the only way.,20,0.4
1770,OLIVER,I know.,7,0.14
1771,MISS WILLOUGHBY,- What am I going to do?!,25,0.5
1772,MISS WILLOUGHBY,"- Try and stay calm, okay?",26,0.52
1773,MISS WILLOUGHBY,- She's going to kill us.,25,0.5
1774,MISS WILLOUGHBY,"- Okay, take a deep breath.",27,0.54
1775,OLIVER,- Just be calm.,15,0.3
1776,OLIVER,- Are you sure,14,0.28
1777,OLIVER,I can't just talk to her?,25,0.5
1778,OLIVER,Get a divorce.,14,0.28
1779,OLIVER,Like normal people.,19,0.38
1780,DIANA,And live off,12,0.24
1781,DIANA,what the bookshop makes?,24,0.48
1782,DIANA,I don't think so.,17,0.34
1783,DIANA,We need the house.,18,0.36
1784,OLIVER,But it's her family home.,25,0.5
1785,DIANA,Do you want to spend the rest,29,0.58
1786,DIANA,of your life with me or not?,28,0.56
1787,DIANA,Notice you have,15,0.3
1788,DIANA,to think about it…,18,0.36
1789,OLIVER,"No! No, of course I,",20,0.4
1790,OLIVER,of course I do.,15,0.3
1791,__VOICEOVER,"Of course, I just…",18,0.36
1792,OLIVER,but there are two of them now.,30,0.6
1793,DIANA,"You got Willoughby involved,",28,0.56
1794,DIANA,you can sort her out.,21,0.42
1795,DIANA,"Key, gun,",9,0.18
1796,DIANA,bang bang.,10,0.2
1797,DIANA,That's it.,10,0.2
1798,DIANA,"Do it for me, sweetheart.",25,0.5
1799,DIANA,Do it for us.,13,0.26
1800,DIANA,This way.,9,0.18
1801,MISS WILLOUGHBY,"Okay, shh.",10,0.2
1802,(CONT'D),"Stay here, just stay here.",26,0.52
1803,(CONT'D),Shh.,4,0.08
1804,OLIVER,I'm sorry.,10,0.2
1805,HELEN,Oh.,3,0.06
1806,MISS WILLOUGHBY,Helen!,6,0.12
1807,(CONT'D),Helen!,6,0.12
1808,DIANA,You're utterly pathetic.,24,0.48
1809,ROBERT,"Keep going,",11,0.22
1810,ROBERT,it should be the next right.,28,0.56
1811,D.I. PRYCE,Where are they?,15,0.3
1812,D.I. PRYCE,Where's Willoughby?,19,0.38
1813,MISS WILLOUGHBY,"Hey, hey.",9,0.18
1814,MISS WILLOUGHBY,"Quick, quick, this way.",23,0.46
1815,(CONT'D),Quick!,6,0.12
1816,D.I. PRYCE,Cuff him!,9,0.18
1817,D.I. PRYCE,I need armed response.,22,0.44
1818,D.I. PRYCE,We've got gunfire,17,0.34
1819,D.I. PRYCE,at the Howardian Hills.,23,0.46
1820,MISS WILLOUGHBY,"Shh, stay here.",15,0.3
1822,MISS WILLOUGHBY,Phew.,5,0.1
1823,D.I. PRYCE,Elizabeth!,10,0.2
1824,MISS WILLOUGHBY,Jimmy! Just in time.,20,0.4
1825,HELEN,"Thank you, Willow.",18,0.36
1826,MISS WILLOUGHBY,I think I broke her nose.,25,0.5
1827,HELEN,Good.,5,0.1
1828,ROBERT,"So, a love-struck husband,",26,0.52
1829,(CONT'D),"a bankrupt mistress,",20,0.4
1830,(CONT'D),"an estate worth of fortune,",27,0.54
1831,(CONT'D),why didn't Oliver,17,0.34
1832,(CONT'D),just ask for a divorce?,23,0.46
1833,MISS WILLOUGHBY,"Well, because a divorce",23,0.46
1834,MISS WILLOUGHBY,would mean sharing,18,0.36
1835,(CONT'D),and Diana's,11,0.22
1836,(CONT'D),not the sharing type.,21,0.42
1837,ROBERT,So…,3,0.06
1838,(CONT'D),the two of them set about,25,0.5
1839,(CONT'D),to drive dear Helen mad.,24,0.48
1840,MISS WILLOUGHBY,"Well, they set about",20,0.4
1841,MISS WILLOUGHBY,making her think she was mad.,29,0.58
1842,(CONT'D),It's classic gas-lighting.,26,0.52
1843,ROBERT,"You know, sometimes",19,0.38
1844,ROBERT,I fail to see how you do it.,28,0.56
1845,(CONT'D),You and I have exactly,22,0.44
1846,(CONT'D),"the same information and yet,",29,0.58
1847,(CONT'D),"to me, it's still a mystery.",28,0.56
1848,MISS WILLOUGHBY,"Well, our brains work",21,0.42
1849,MISS WILLOUGHBY,in different ways.,18,0.36
1850,(CONT'D),Once I realized that Oliver was,31,0.62
1851,(CONT'D),"having an affair with Diana,",28,0.56
1852,(CONT'D),"I mean, everything",18,0.36
1853,(CONT'D),"fell into place,",16,0.32
1854,(CONT'D),and then he confirmed it,24,0.48
1855,(CONT'D),with that silly little lie,26,0.52
1856,(CONT'D),about the date,14,0.28
1857,(CONT'D),of his wedding anniversary.,27,0.54
1858,OLIVER,She'll have a spa day.,22,0.44
1859,MISS WILLOUGHBY,- For our wedding anniversary.,30,0.6
1860,MISS WILLOUGHBY,- When is that?,15,0.3
1861,MISS WILLOUGHBY,- Next month. Why?,18,0.36
1862,MISS WILLOUGHBY,- Oh. August wedding.,21,0.42
1863,(CONT'D),How lovely.,11,0.22
1864,ROBERT,I'm afraid I really don't,25,0.5
1865,ROBERT,understand what you are saying.,31,0.62
1866,MISS WILLOUGHBY,I suspect that Oliver,21,0.42
1867,MISS WILLOUGHBY,ran to Diana in a panic,23,0.46
1868,(CONT'D),after that other body,21,0.42
1869,(CONT'D),"was found,",10,0.2
1870,(CONT'D),"which, by the way,",18,0.36
1871,(CONT'D),I think we'll find,18,0.36
1872,(CONT'D),"was Diana's third husband,",26,0.52
1873,(CONT'D),the one that disappeared?,25,0.5
1874,(CONT'D),Classic Black Widow.,20,0.4
1875,(CONT'D) [VO]),And then there's,16,0.32
1876,(CONT'D) [VO]),"the connection to Vaines,",25,0.5
1877,__VOICEOVER,this was all about.,19,0.38
1878,MISS WILLOUGHBY,You left a rather,17,0.34
1879,MISS WILLOUGHBY,juicy calling card.,19,0.38
1880,MISS WILLOUGHBY,"The house and the estate,",25,0.5
1881,MISS WILLOUGHBY,I mean God knows,16,0.32
1882,(CONT'D),what would have happened,24,0.48
1883,(CONT'D),to Oliver eventually?,21,0.42
1884,ROBERT,The abduction?,14,0.28
1885,MISS WILLOUGHBY,"Well, Diana was in",18,0.36
1886,MISS WILLOUGHBY,the house that night.,21,0.42
1887,(CONT'D) [VO]),She had a recording,19,0.38
1888,(CONT'D) [VO]),of the piano music and…,23,0.46
1889,(CONT'D) [VO]),her car was parked outside,26,0.52
1890,(CONT'D) [VO]),"while it was raining,",21,0.42
1891,(CONT'D) [VO]),hence the dry patch,19,0.38
1892,(CONT'D) [VO]),on the driveway.,16,0.32
1893,(CONT'D),"She drove off with Helen,",25,0.5
1894,(CONT'D),probably drugged and…,21,0.42
1895,(CONT'D),Oliver hit himself,18,0.36
1896,(CONT'D),over the head with a plant pot.,31,0.62
1897,(CONT'D),That's why the wound,20,0.4
1898,(CONT'D),was so superficial.,19,0.38
1899,__VOICEOVER,was in the house?,17,0.34
1900,MISS WILLOUGHBY,Her OCD.,8,0.16
1901,(CONT'D) [VO]),She has this thing,18,0.36
1902,(CONT'D) [VO]),about straight lines.,21,0.42
1903,(CONT'D) [VO]),It was all in the pencils.,26,0.52
1904,(CONT'D) [VO]),She couldn't resist.,20,0.4
1905,MISS WILLOUGHBY,- What about Ronald's ghost?,28,0.56
1906,MISS WILLOUGHBY,- Well…,7,0.14
1907,__VOICEOVER,when you mentioned Pepper's ghost.,34,0.68
1908,ROBERT,Mm?,3,0.06
1909,MISS WILLOUGHBY,It's easy to make,17,0.34
1910,MISS WILLOUGHBY,"a few bookcases wobble,",23,0.46
1911,(CONT'D),"I mean they're movable,",23,0.46
1912,(CONT'D),"and they had been moved recently,",33,0.66
1913,(CONT'D) [VO]),'cause I saw fresh drag marks,29,0.58
1914,(CONT'D) [VO]),on the bookshop floor.,22,0.44
1915,(CONT'D) [VO]),Books fly off the shelves,25,0.5
1916,(CONT'D) [VO]),"with a push, that's easy.",25,0.5
1917,(CONT'D),They put the idea,17,0.34
1918,(CONT'D),"of the ghost in Helen's head,",29,0.58
1919,(CONT'D),and that's what she saw,23,0.46
1920,(CONT'D),with the aid,12,0.24
1921,(CONT'D),of Diana's,10,0.2
1922,(CONT'D),pharmaceutical knowledge.,25,0.5
1923,(CONT'D) [VO]),I'm willing to guess,20,0.4
1924,(CONT'D) [VO]),"her beta blockers were anything but,",36,0.72
1925,(CONT'D),swapped out for something,25,0.5
1926,(CONT'D),more prone to hallucinations.,29,0.58
1927,ROBERT,I am supposing,14,0.28
1928,ROBERT,they must have sourced,22,0.44
1929,(CONT'D),Ronald's cologne from somewhere.,32,0.64
1930,MISS WILLOUGHBY,"Yes, the cologne.",17,0.34
1931,(CONT'D),It's the only thing,19,0.38
1932,(CONT'D),that's niggling.,16,0.32
1933,(CONT'D),I checked,9,0.18
1934,(CONT'D),"with the perfumery in town,",27,0.54
1935,(CONT'D),Ronald's cologne,16,0.32
1936,(CONT'D),was an artisanal creation,25,0.5
1937,(CONT'D),that was made before certain,28,0.56
1938,(CONT'D),"ingredients were banned,",24,0.48
1939,(CONT'D),"uh, synthetic musk",18,0.36
1940,(CONT'D),in particular.,14,0.28
1941,(CONT'D),There's just no way that anyone,31,0.62
1942,(CONT'D),could recreate that scent now.,30,0.6
1943,ROBERT,"So, it was all in her head then?",32,0.64
1944,ROBERT,"You know,",9,0.18
1945,ROBERT,you have a brilliant mind.,26,0.52
1946,MISS WILLOUGHBY,"Thank you, Robert.",18,0.36
1947,ROBERT,Hah.,4,0.08
1948,MISS WILLOUGHBY,"Oh, you monster!",16,0.32
1949,ROBERT,"Goodnight, my dear.",19,0.38
1950,MISS WILLOUGHBY,"Goodnight, Robert.",18,0.36
1951,MISS WILLOUGHBY,Gaya!,5,0.1
1952,(CONT'D),I'd forgotten,13,0.26
1953,(CONT'D),you were Helen's doctor.,24,0.48
1954,WILLOUGHBY),- How is she?,13,0.26
1955,WILLOUGHBY),- She'll be fine.,17,0.34
1956,(CONT'D),She's still affected,20,0.4
1957,(CONT'D),by the medication but,21,0.42
1958,(CONT'D),it'll take time,15,0.3
1959,(CONT'D),to get out of her system.,25,0.5
1960,MISS WILLOUGHBY,"Good. Well, it's…",17,0.34
1961,(CONT'D),nice to see you,15,0.3
1962,(CONT'D),after all these years.,22,0.44
1963,(CONT'D),"No hard feelings, I hope?",25,0.5
1964,DR. SHIRANI,Of course there are.,20,0.4
1965,MISS WILLOUGHBY,Oh.,3,0.06
1966,DR. SHIRANI,Mr. Thompson?,13,0.26
1967,DR. SHIRANI,How are you feeling?,20,0.4
1968,ROBERT,Wonderful.,10,0.2
1969,ROBERT,I feel wonderful.,17,0.34
1970,DR. SHIRANI,That's marvelous.,17,0.34
1971,DR. SHIRANI,Do send my regards to Dr. Foster.,33,0.66
1972,SARAH,"Ms. Willoughby,",15,0.3
1973,SARAH,how lovely to see you!,22,0.44
1974,(CONT'D),"Come in, come in.",17,0.34
1975,(CONT'D),"I, uh, I couldn't leave",23,0.46
1976,(CONT'D),She's been through so much.,27,0.54
1977,MISS WILLOUGHBY,That's very nice of you.,24,0.48
1978,SARAH),- Can I take those?,19,0.38
1979,SARAH),- Of course.,12,0.24
1980,SARAH,And who's this?,15,0.3
1981,ROBERT,"Um, uh, Robert,",15,0.3
1982,ROBERT,an old friend.,14,0.28
1983,SARAH,And American?,13,0.26
1984,SARAH,How romantic.,13,0.26
1985,SARAH,"- I'll just, I'll just go.",26,0.52
1986,SARAH,- I made some tea.,18,0.36
1987,SARAH,And there's cake.,17,0.34
1988,ROBERT,Ooh.,4,0.08
1989,RONALD,"Oh, Bella.",10,0.2
1990,MISS WILLOUGHBY,"Oh Helen,",9,0.18
1991,MISS WILLOUGHBY,this will make you laugh.,25,0.5
1994,__VOICEOVER,ited,4,0.08
1995,__VOICEOVER,imited,6,0.12
1996,__VOICEOVER,"""Clare De Lune""",15,0.3
1997,__VOICEOVER,"en by: Claude Debussy,",22,0.44
1998,__VOICEOVER,by Jack Rose and Dom Sky,24,0.48
1999,__VOICEOVER,med by: Andrew Dunlop,21,0.42
2000,__VOICEOVER,"ed by: MSR Music Limited,",25,0.5
2001,__VOICEOVER,stered by Paleblue Limited,26,0.52
2002,__VOICEOVER,Birdsall,8,0.16
2003,__VOICEOVER,Lake,4,0.08
2004,(LOGO),"th Yorkshire, England.",22,0.44
2005,(LOGO),this film.,10,0.2
2006,(LOGO),e fictitious.,13,0.26
2007,(LOGO),irely coincidental and unintentional.,37,0.74
2008,(LOGO),nd other countries.,19,0.38
2009,(LOGO),and criminal prosecution.,25,0.5
